,RH_pct,u10_ms,N_frac,source,T_C,Rs_Wm2,u2,Rs_MJ,Ra_MJ,Rso_MJ,Rn_MJ,E_hourly_mm
2026-06-15 00:00:00,48.000000,3.200000,,datagouv,19.000000,0.000000,2.393443,0.000000,0.000000,0.000000,-0.094920,-0.016669
2026-06-15 01:00:00,49.000000,2.500000,,datagouv,18.400000,0.000000,1.869878,0.000000,0.000000,0.000000,-0.094723,-0.017748
2026-06-15 02:00:00,53.000000,2.400000,,datagouv,17.300000,0.000000,1.795083,0.000000,0.000000,0.000000,-0.092990,-0.017706
2026-06-15 03:00:00,61.000000,2.200000,,datagouv,15.400000,0.000000,1.645492,0.000000,0.000000,0.000000,-0.089933,-0.017657
2026-06-15 04:00:00,65.000000,1.800000,,datagouv,14.600000,0.000000,1.346312,0.000000,0.239130,0.179644,-0.013622,0.000775
2026-06-15 05:00:00,65.000000,1.900000,,datagouv,14.700000,19.444444,1.421107,0.070000,0.987606,0.741929,0.050792,0.017004
2026-06-15 06:00:00,53.000000,1.100000,,datagouv,19.900000,138.888889,0.822746,0.500000,1.774292,1.332919,0.416485,0.121302
2026-06-15 07:00:00,34.000000,2.600000,,datagouv,24.900000,308.333333,1.944673,1.110000,2.532960,1.902861,0.883547,0.278868
2026-06-15 08:00:00,25.000000,4.200000,,datagouv,28.200000,480.555556,3.141395,1.730000,3.211907,2.412913,1.380125,0.455193
2026-06-15 09:00:00,19.000000,4.300000,,datagouv,30.500000,647.222222,3.216190,2.330000,3.764864,2.828317,1.862301,0.626791
2026-06-15 10:00:00,17.000000,4.800000,,datagouv,31.800000,786.111111,3.590165,2.830000,4.154149,3.120763,2.271736,0.773285
2026-06-15 11:00:00,16.000000,3.300000,,datagouv,32.900000,880.555556,2.468239,3.170000,4.353233,3.270322,2.547378,0.869396
2026-06-15 12:00:00,14.000000,2.600000,,datagouv,32.600000,925.000000,1.944673,3.330000,4.348547,3.266802,2.663944,0.903333
2026-06-15 13:00:00,14.000000,2.600000,,datagouv,33.900000,925.000000,1.944673,3.330000,4.140411,3.110443,2.664923,0.915872
2026-06-15 14:00:00,13.000000,3.900000,,datagouv,34.200000,880.555556,2.917009,3.170000,3.743010,2.811899,2.509947,0.871373
2026-06-15 15:00:00,14.000000,2.800000,,datagouv,34.400000,788.888889,2.094263,2.840000,3.183426,2.391517,2.214603,0.768826
2026-06-15 16:00:00,13.000000,1.300000,,datagouv,34.800000,655.555556,0.972336,2.360000,2.499793,1.877944,1.765174,0.613766
2026-06-15 17:00:00,17.000000,6.200000,,datagouv,31.600000,491.666667,4.637297,1.770000,1.738700,1.306181,1.248537,0.440037
2026-06-15 18:00:00,24.000000,5.400000,,datagouv,30.100000,313.888889,4.038936,1.130000,0.952013,0.715191,0.696934,0.249225
2026-06-15 19:00:00,32.000000,3.300000,,datagouv,28.000000,122.222222,2.468239,0.440000,0.212695,0.159785,0.092181,0.044174
2026-06-15 20:00:00,49.000000,2.900000,,datagouv,24.100000,0.000000,2.169058,0.000000,0.000000,0.000000,-0.271501,-0.071242
2026-06-15 21:00:00,57.000000,3.700000,,datagouv,22.400000,0.000000,2.767419,0.000000,0.000000,0.000000,-0.258832,-0.066087
2026-06-15 22:00:00,73.000000,2.900000,,datagouv,20.300000,0.000000,2.169058,0.000000,0.000000,0.000000,-0.235427,-0.061249
2026-06-15 23:00:00,93.000000,5.500000,,datagouv,18.400000,0.000000,4.113731,0.000000,0.000000,0.000000,-0.211968,-0.055609
2026-06-16 00:00:00,93.000000,2.500000,,datagouv,18.500000,0.000000,1.869878,0.000000,0.000000,0.000000,-0.211348,-0.056201
2026-06-16 01:00:00,88.000000,2.800000,,datagouv,18.900000,0.000000,2.094263,0.000000,0.000000,0.000000,-0.216906,-0.057251
2026-06-16 02:00:00,85.000000,4.100000,,datagouv,19.100000,0.000000,3.066599,0.000000,0.000000,0.000000,-0.220695,-0.057387
2026-06-16 03:00:00,83.000000,4.200000,,datagouv,18.700000,0.000000,3.141395,0.000000,0.000000,0.000000,-0.226345,-0.058035
2026-06-16 04:00:00,83.000000,3.000000,,datagouv,18.900000,0.000000,2.243853,0.000000,0.238975,0.179528,-0.011261,-0.000148
2026-06-16 05:00:00,82.000000,3.100000,,datagouv,19.100000,0.000000,2.318648,0.000000,0.986952,0.741438,-0.011289,0.000077
2026-06-16 06:00:00,79.000000,3.600000,,datagouv,19.500000,22.222222,2.692624,0.080000,1.773291,1.332167,0.062162,0.021244
2026-06-16 07:00:00,76.000000,4.500000,,datagouv,20.100000,77.777778,3.365780,0.280000,2.531808,1.901996,0.246057,0.074136
2026-06-16 08:00:00,72.000000,5.100000,,datagouv,20.700000,133.333333,3.814550,0.480000,3.210812,2.412090,0.429841,0.128294
2026-06-16 09:00:00,76.000000,4.300000,,datagouv,20.600000,94.444444,3.216190,0.340000,3.764029,2.827690,0.301399,0.090253
2026-06-16 10:00:00,77.000000,4.700000,,datagouv,20.400000,180.555556,3.515370,0.650000,4.153760,3.120470,0.586636,0.170084
2026-06-16 11:00:00,71.000000,4.800000,,datagouv,21.200000,261.111111,3.590165,0.940000,4.353443,3.270481,0.853080,0.249892
2026-06-16 12:00:00,60.000000,5.100000,,datagouv,23.600000,744.444444,3.814550,2.680000,4.349472,3.267497,2.279729,0.685583
2026-06-16 13:00:00,53.000000,4.800000,,datagouv,25.000000,908.333333,3.590165,3.270000,4.142117,3.111724,2.752338,0.844545
2026-06-16 14:00:00,52.000000,5.200000,,datagouv,25.100000,800.000000,3.889346,2.880000,3.745508,2.813775,2.391281,0.737423
2026-06-16 15:00:00,54.000000,5.400000,,datagouv,25.000000,741.666667,4.038936,2.670000,3.186674,2.393957,2.203089,0.679223
2026-06-16 16:00:00,57.000000,4.600000,,datagouv,23.400000,502.777778,3.440575,1.810000,2.503699,1.880879,1.424212,0.430992
2026-06-16 17:00:00,62.000000,3.600000,,datagouv,22.500000,213.888889,2.692624,0.770000,1.743126,1.309506,0.598930,0.182176
2026-06-16 18:00:00,62.000000,3.200000,,datagouv,22.400000,311.111111,2.393443,1.120000,0.956788,0.718777,0.783214,0.234882
2026-06-16 19:00:00,64.000000,3.000000,,datagouv,21.500000,144.444444,2.243853,0.520000,0.216475,0.162625,0.230998,0.072711
2026-06-16 20:00:00,70.000000,2.300000,,datagouv,19.700000,0.000000,1.720287,0.000000,0.000000,0.000000,-0.244267,-0.063118
2026-06-16 21:00:00,76.000000,1.300000,,datagouv,18.200000,0.000000,0.972336,0.000000,0.000000,0.000000,-0.240783,-0.062087
2026-06-16 22:00:00,82.000000,2.300000,,datagouv,17.000000,0.000000,1.720287,0.000000,0.000000,0.000000,-0.236803,-0.059727
2026-06-16 23:00:00,89.000000,1.800000,,datagouv,16.100000,0.000000,1.346312,0.000000,0.000000,0.000000,-0.230745,-0.058200
2026-06-17 00:00:00,89.000000,0.500000,,datagouv,15.000000,0.000000,0.373976,0.000000,0.000000,0.000000,-0.235973,-0.058551
2026-06-17 01:00:00,95.000000,0.700000,,datagouv,13.800000,0.000000,0.523566,0.000000,0.000000,0.000000,-0.233542,-0.056835
2026-06-17 02:00:00,97.000000,0.700000,,datagouv,13.600000,0.000000,0.523566,0.000000,0.000000,0.000000,-0.231963,-0.056355
2026-06-17 03:00:00,97.000000,0.900000,,datagouv,12.600000,0.000000,0.673156,0.000000,0.000000,0.000000,-0.236281,-0.056025
2026-06-17 04:00:00,98.000000,0.700000,,datagouv,12.200000,0.000000,0.523566,0.000000,0.238456,0.179138,-0.011838,-0.002628
2026-06-17 05:00:00,98.000000,1.100000,,datagouv,13.300000,19.444444,0.822746,0.070000,0.985890,0.740640,0.052795,0.012986
2026-06-17 06:00:00,94.000000,1.100000,,datagouv,15.600000,138.888889,0.822746,0.500000,1.771930,1.331144,0.424459,0.109024
2026-06-17 07:00:00,73.000000,1.300000,,datagouv,19.900000,300.000000,0.972336,1.080000,2.530344,1.900895,0.894533,0.252179
2026-06-17 08:00:00,61.000000,2.600000,,datagouv,22.900000,469.444444,1.944673,1.690000,3.209447,2.411065,1.407610,0.419027
2026-06-17 09:00:00,53.000000,2.200000,,datagouv,24.800000,633.333333,1.645492,2.280000,3.762961,2.826887,1.907638,0.583008
2026-06-17 10:00:00,44.000000,2.300000,,datagouv,26.700000,766.666667,1.720287,2.760000,4.153164,3.120023,2.307470,0.724534
2026-06-17 11:00:00,41.000000,2.400000,,datagouv,28.300000,863.888889,1.795083,3.110000,4.353464,3.270496,2.602534,0.834026
2026-06-17 12:00:00,36.000000,2.200000,,datagouv,30.400000,908.333333,1.645492,3.270000,4.350211,3.268053,2.722210,0.894856
2026-06-17 13:00:00,31.000000,1.900000,,datagouv,31.300000,905.555556,1.421107,3.260000,4.143627,3.112858,2.694875,0.895231
2026-06-17 14:00:00,30.000000,2.200000,,datagouv,32.100000,855.555556,1.645492,3.080000,3.747790,2.815490,2.527920,0.849012
2026-06-17 15:00:00,28.000000,1.300000,,datagouv,33.400000,763.888889,0.972336,2.750000,3.189677,2.396213,2.219695,0.755100
2026-06-17 16:00:00,29.000000,1.500000,,datagouv,33.200000,638.888889,1.121927,2.300000,2.507320,1.883599,1.810138,0.617076
2026-06-17 17:00:00,28.000000,1.900000,,datagouv,33.000000,477.777778,1.421107,1.720000,1.747222,1.312583,1.270352,0.437097
2026-06-17 18:00:00,28.000000,1.100000,,datagouv,33.200000,302.777778,0.822746,1.090000,0.961183,0.722079,0.691616,0.242103
2026-06-17 19:00:00,33.000000,4.000000,,datagouv,30.700000,141.666667,2.991804,0.510000,0.219962,0.165245,0.171412,0.073364
2026-06-17 20:00:00,43.000000,3.500000,,datagouv,27.000000,0.000000,2.617829,0.000000,0.000000,0.000000,-0.276362,-0.073044
2026-06-17 21:00:00,49.000000,2.200000,,datagouv,24.800000,0.000000,1.645492,0.000000,0.000000,0.000000,-0.268283,-0.072263
2026-06-17 22:00:00,57.000000,0.000000,,datagouv,21.900000,0.000000,0.000000,0.000000,0.000000,0.000000,-0.261154,-0.071630
2026-06-17 23:00:00,65.000000,0.800000,,datagouv,20.000000,0.000000,0.598361,0.000000,0.000000,0.000000,-0.252600,-0.066702
2026-06-18 00:00:00,67.000000,0.000000,,datagouv,19.800000,0.000000,0.000000,0.000000,0.000000,0.000000,-0.249574,-0.066686
2026-06-18 01:00:00,67.000000,2.200000,,datagouv,20.000000,0.000000,1.645492,0.000000,0.000000,0.000000,-0.248623,-0.064312
2026-06-18 02:00:00,61.000000,3.200000,,datagouv,21.700000,0.000000,2.393443,0.000000,0.000000,0.000000,-0.252986,-0.065179
2026-06-18 03:00:00,61.000000,3.200000,,datagouv,21.700000,0.000000,2.393443,0.000000,0.000000,0.000000,-0.252986,-0.065179
2026-06-18 04:00:00,63.000000,3.200000,,datagouv,21.100000,0.000000,2.393443,0.000000,0.237577,0.178477,-0.012577,0.003401
2026-06-18 05:00:00,69.000000,1.700000,,datagouv,19.800000,16.666667,1.271517,0.060000,0.984424,0.739539,0.042915,0.016084
2026-06-18 06:00:00,62.000000,1.000000,,datagouv,22.300000,122.222222,0.747951,0.440000,1.770212,1.329854,0.380855,0.114957
2026-06-18 07:00:00,51.000000,2.100000,,datagouv,25.300000,280.555556,1.570697,1.010000,2.528570,1.899563,0.833533,0.261291
2026-06-18 08:00:00,41.000000,2.800000,,datagouv,29.200000,494.444444,2.094263,1.780000,3.207816,2.409840,1.461302,0.479487
2026-06-18 09:00:00,36.000000,2.700000,,datagouv,31.700000,469.444444,2.019468,1.690000,3.761662,2.825911,1.426978,0.483213
2026-06-18 10:00:00,31.000000,5.200000,,datagouv,34.000000,755.555556,3.889346,2.720000,4.152364,3.119422,2.261402,0.784797
2026-06-18 11:00:00,25.000000,5.200000,,datagouv,36.800000,788.888889,3.889346,2.840000,4.353296,3.270370,2.355995,0.840728
2026-06-18 12:00:00,35.000000,7.200000,,datagouv,34.300000,941.666667,5.385248,3.390000,4.350764,3.268468,2.849751,0.990289
2026-06-18 13:00:00,42.000000,5.300000,,datagouv,32.600000,611.111111,3.964141,2.200000,4.144942,3.113846,1.874374,0.641619
2026-06-18 14:00:00,42.000000,5.100000,,datagouv,33.200000,569.444444,3.814550,2.050000,3.749856,2.817042,1.731940,0.597583
2026-06-18 15:00:00,41.000000,4.800000,,datagouv,34.500000,761.111111,3.590165,2.740000,3.192430,2.398281,2.282200,0.791419
2026-06-18 16:00:00,40.000000,5.100000,,datagouv,34.000000,633.333333,3.814550,2.280000,2.510652,1.886102,1.850674,0.643163
2026-06-18 17:00:00,40.000000,3.900000,,datagouv,33.200000,458.333333,2.917009,1.650000,1.750984,1.315409,1.265518,0.439252
2026-06-18 18:00:00,40.000000,4.500000,,datagouv,31.500000,294.444444,3.365780,1.060000,0.965196,0.725093,0.711834,0.250923
2026-06-18 19:00:00,44.000000,3.500000,,datagouv,30.000000,144.444444,2.617829,0.520000,0.223145,0.167635,0.221789,0.084984
2026-06-18 20:00:00,48.000000,1.200000,,datagouv,28.000000,0.000000,0.897541,0.000000,0.000000,0.000000,-0.254466,-0.072783
2026-06-18 21:00:00,57.000000,0.700000,,datagouv,24.900000,0.000000,0.523566,0.000000,0.000000,0.000000,-0.245784,-0.069259
2026-06-18 22:00:00,59.000000,0.900000,,datagouv,24.200000,0.000000,0.673156,0.000000,0.000000,0.000000,-0.244583,-0.068141
2026-06-18 23:00:00,62.000000,1.300000,,datagouv,23.900000,0.000000,0.972336,0.000000,0.000000,0.000000,-0.238863,-0.065960
2026-06-19 00:00:00,73.000000,1.500000,,datagouv,21.600000,0.000000,1.121927,0.000000,0.000000,0.000000,-0.228025,-0.061752
2026-06-19 01:00:00,75.000000,1.800000,,datagouv,20.700000,0.000000,1.346312,0.000000,0.000000,0.000000,-0.229350,-0.061214
2026-06-19 02:00:00,74.000000,0.700000,,datagouv,20.300000,0.000000,0.523566,0.000000,0.000000,0.000000,-0.233518,-0.062753
2026-06-19 03:00:00,77.000000,1.100000,,datagouv,20.600000,0.000000,0.822746,0.000000,0.000000,0.000000,-0.226118,-0.061007
2026-06-19 04:00:00,85.000000,2.200000,,datagouv,19.200000,0.000000,1.645492,0.000000,0.236342,0.177550,-0.011005,-0.000800
2026-06-19 05:00:00,59.000000,3.400000,,datagouv,22.400000,38.888889,2.543034,0.140000,0.982558,0.738137,0.116094,0.041972
2026-06-19 06:00:00,44.000000,4.200000,,datagouv,24.200000,111.111111,3.141395,0.400000,1.768142,1.328299,0.351870,0.118460
2026-06-19 07:00:00,40.000000,4.100000,,datagouv,25.300000,191.666667,3.066599,0.690000,2.526491,1.898001,0.593495,0.194620
2026-06-19 08:00:00,38.000000,4.500000,,datagouv,26.900000,358.333333,3.365780,1.290000,3.205923,2.408418,1.077115,0.350732
2026-06-19 09:00:00,37.000000,3.400000,,datagouv,28.300000,583.333333,2.543034,2.100000,3.760136,2.824765,1.741234,0.564898
2026-06-19 10:00:00,36.000000,4.200000,,datagouv,29.700000,763.888889,3.141395,2.750000,4.151363,3.118670,2.286671,0.752508
2026-06-19 11:00:00,37.000000,3.000000,,datagouv,30.500000,858.333333,2.243853,3.090000,4.352940,3.270103,2.582238,0.852296
2026-06-19 12:00:00,38.000000,3.800000,,datagouv,31.300000,655.555556,2.842214,2.360000,4.351131,3.268744,2.000674,0.671376
2026-06-19 13:00:00,46.000000,4.300000,,datagouv,31.500000,891.666667,3.216190,3.210000,4.146060,3.114686,2.714084,0.906161
2026-06-19 14:00:00,45.000000,4.200000,,datagouv,31.500000,844.444444,3.141395,3.040000,3.751702,2.818428,2.553757,0.853573
2026-06-19 15:00:00,39.000000,5.300000,,datagouv,31.600000,725.000000,3.964141,2.610000,3.194931,2.400160,2.134209,0.721030
2026-06-19 16:00:00,44.000000,4.500000,,datagouv,30.300000,655.555556,3.365780,2.360000,2.513690,1.888384,1.916432,0.636487
2026-06-19 17:00:00,44.000000,4.600000,,datagouv,29.600000,466.666667,3.440575,1.680000,1.754405,1.317979,1.286590,0.429079
2026-06-19 18:00:00,46.000000,3.100000,,datagouv,28.900000,300.000000,2.318648,1.080000,0.968821,0.727817,0.737633,0.246783
2026-06-19 19:00:00,52.000000,3.500000,,datagouv,26.700000,141.666667,2.617829,0.510000,0.226012,0.169789,0.219719,0.078811
2026-06-19 20:00:00,64.000000,2.300000,,datagouv,24.100000,0.000000,1.720287,0.000000,0.000000,0.000000,-0.232809,-0.063336
2026-06-19 21:00:00,74.000000,2.400000,,datagouv,21.700000,0.000000,1.795083,0.000000,0.000000,0.000000,-0.225395,-0.060444
2026-06-19 22:00:00,80.000000,1.800000,,datagouv,20.100000,0.000000,1.346312,0.000000,0.000000,0.000000,-0.223517,-0.059644
2026-06-19 23:00:00,86.000000,2.400000,,datagouv,18.800000,0.000000,1.795083,0.000000,0.000000,0.000000,-0.220789,-0.058048
2026-06-20 00:00:00,88.000000,2.700000,,datagouv,18.300000,0.000000,2.019468,0.000000,0.000000,0.000000,-0.220450,-0.057598
2026-06-20 01:00:00,87.000000,0.900000,,datagouv,18.100000,0.000000,0.673156,0.000000,0.000000,0.000000,-0.223184,-0.058673
2026-06-20 02:00:00,90.000000,2.300000,,datagouv,17.200000,0.000000,1.720287,0.000000,0.000000,0.000000,-0.223541,-0.057614
2026-06-20 03:00:00,92.000000,0.000000,,datagouv,16.300000,0.000000,0.000000,0.000000,0.000000,0.000000,-0.225434,-0.057867
2026-06-20 04:00:00,95.000000,0.000000,,datagouv,16.300000,0.000000,0.000000,0.000000,0.234758,0.176360,-0.011060,-0.002504
2026-06-20 05:00:00,91.000000,2.000000,,datagouv,16.800000,13.888889,1.495902,0.050000,0.980296,0.736438,0.034789,0.010312
2026-06-20 06:00:00,81.000000,0.000000,,datagouv,18.800000,127.777778,0.000000,0.460000,1.765726,1.326484,0.396123,0.109461
2026-06-20 07:00:00,70.000000,0.800000,,datagouv,21.400000,277.777778,0.598361,1.000000,2.524112,1.896214,0.834832,0.241772
2026-06-20 08:00:00,66.000000,1.500000,,datagouv,23.400000,355.555556,1.121927,1.280000,3.203771,2.406801,1.092101,0.327052
2026-06-20 09:00:00,59.000000,2.600000,,datagouv,25.100000,575.000000,1.944673,2.070000,3.758387,2.823450,1.751291,0.537820
2026-06-20 10:00:00,51.000000,2.100000,,datagouv,27.400000,750.000000,1.570697,2.700000,4.150162,3.117768,2.280540,0.721305
2026-06-20 11:00:00,46.000000,2.800000,,datagouv,29.200000,850.000000,2.094263,3.060000,4.352398,3.269695,2.583036,0.837090
2026-06-20 12:00:00,42.000000,3.700000,,datagouv,30.800000,883.333333,2.767419,3.180000,4.351313,3.268880,2.675664,0.886216
2026-06-20 13:00:00,43.000000,3.300000,,datagouv,30.700000,716.666667,2.468239,2.580000,4.146981,3.115378,2.176887,0.721720
2026-06-20 14:00:00,37.000000,2.100000,,datagouv,32.700000,777.777778,1.570697,2.800000,3.753326,2.819649,2.309262,0.780110
2026-06-20 15:00:00,39.000000,2.800000,,datagouv,32.400000,752.777778,2.094263,2.710000,3.197176,2.401847,2.231069,0.753109
2026-06-20 16:00:00,43.000000,4.700000,,datagouv,31.300000,533.333333,3.515370,1.920000,2.516432,1.890444,1.514068,0.512776
2026-06-20 17:00:00,46.000000,4.800000,,datagouv,29.600000,258.333333,3.590165,0.930000,1.757484,1.320292,0.704338,0.241889
2026-06-20 18:00:00,43.000000,3.600000,,datagouv,28.400000,122.222222,2.692624,0.440000,0.972054,0.730246,0.279980,0.102089
2026-06-20 19:00:00,46.000000,1.000000,,datagouv,27.600000,30.555556,0.747951,0.110000,0.228553,0.171698,-0.034387,-0.003597
2026-06-20 20:00:00,59.000000,3.200000,,datagouv,25.700000,0.000000,2.393443,0.000000,0.000000,0.000000,-0.121326,-0.028486
2026-06-20 21:00:00,61.000000,2.400000,,datagouv,24.900000,0.000000,1.795083,0.000000,0.000000,0.000000,-0.121181,-0.029701
2026-06-20 22:00:00,63.000000,1.300000,,datagouv,23.600000,0.000000,0.972336,0.000000,0.000000,0.000000,-0.122650,-0.031395
2026-06-20 23:00:00,77.000000,0.800000,,datagouv,20.600000,0.000000,0.598361,0.000000,0.000000,0.000000,-0.116426,-0.030329
2026-06-21 00:00:00,75.000000,0.000000,,datagouv,20.100000,0.000000,0.000000,0.000000,0.000000,0.000000,-0.119832,-0.031456
2026-06-21 01:00:00,81.000000,0.700000,,datagouv,19.200000,0.000000,0.523566,0.000000,0.000000,0.000000,-0.116852,-0.030184
2026-06-21 02:00:00,85.000000,1.500000,,datagouv,18.200000,0.000000,1.121927,0.000000,0.000000,0.000000,-0.116279,-0.029493
2026-06-21 03:00:00,77.000000,2.900000,,datagouv,20.500000,0.000000,2.169058,0.000000,0.000000,0.000000,-0.116728,-0.028781
2026-06-21 04:00:00,74.000000,3.100000,,datagouv,21.200000,0.000000,2.318648,0.000000,0.232831,0.174912,-0.011419,0.001576
2026-06-21 05:00:00,74.000000,1.500000,,datagouv,20.800000,13.888889,1.121927,0.050000,0.977643,0.734444,0.034464,0.013153
2026-06-21 06:00:00,67.000000,2.500000,,datagouv,23.700000,122.222222,1.869878,0.440000,1.762966,1.324410,0.382323,0.119153
2026-06-21 07:00:00,55.000000,2.000000,,datagouv,27.700000,277.777778,1.495902,1.000000,2.521436,1.894204,0.835069,0.269735
2026-06-21 08:00:00,46.000000,2.700000,,datagouv,30.300000,444.444444,2.019468,1.600000,3.201365,2.404993,1.336471,0.444154
2026-06-21 09:00:00,42.000000,1.200000,,datagouv,32.300000,600.000000,0.897541,2.160000,3.756416,2.821970,1.816476,0.610469
2026-06-21 10:00:00,35.000000,1.900000,,datagouv,34.700000,741.666667,1.421107,2.670000,4.148764,3.116717,2.241460,0.772863
2026-06-21 11:00:00,27.000000,1.900000,,datagouv,36.700000,844.444444,1.421107,3.040000,4.351671,3.269149,2.525255,0.887006
2026-06-21 12:00:00,25.000000,2.900000,,datagouv,37.500000,902.777778,2.169058,3.250000,4.351308,3.268877,2.683672,0.952168
2026-06-21 13:00:00,23.000000,3.300000,,datagouv,38.500000,894.444444,2.468239,3.220000,4.147702,3.115920,2.644687,0.948491
2026-06-21 14:00:00,20.000000,1.700000,,datagouv,39.200000,850.000000,1.271517,3.060000,3.754727,2.820701,2.477662,0.889866
2026-06-21 15:00:00,18.000000,1.200000,,datagouv,39.900000,763.888889,0.897541,2.750000,3.199164,2.403340,2.178519,0.787145
2026-06-21 16:00:00,18.000000,3.500000,,datagouv,39.700000,636.111111,2.617829,2.290000,2.518873,1.892278,1.754540,0.644512
2026-06-21 17:00:00,17.000000,1.700000,,datagouv,40.200000,475.000000,1.271517,1.710000,1.760215,1.322344,1.213912,0.448043
2026-06-21 18:00:00,19.000000,1.900000,,datagouv,39.000000,300.000000,1.421107,1.080000,0.974892,0.732378,0.647067,0.244386
2026-06-21 19:00:00,23.000000,1.700000,,datagouv,36.900000,138.888889,1.271517,0.500000,0.230759,0.173355,0.134729,0.061070
2026-06-21 20:00:00,32.000000,1.900000,,datagouv,32.300000,0.000000,1.421107,0.000000,0.000000,0.000000,-0.294958,-0.085283
2026-06-21 21:00:00,38.000000,2.600000,,datagouv,29.900000,0.000000,1.944673,0.000000,0.000000,0.000000,-0.280450,-0.077848
2026-06-21 22:00:00,37.000000,4.000000,,datagouv,31.000000,0.000000,2.991804,0.000000,0.000000,0.000000,-0.278881,-0.074434
2026-06-21 23:00:00,37.000000,3.300000,,datagouv,30.900000,0.000000,2.468239,0.000000,0.000000,0.000000,-0.279411,-0.076328
2026-06-22 00:00:00,47.000000,2.300000,,datagouv,27.100000,0.000000,1.720287,0.000000,0.000000,0.000000,-0.262757,-0.072211
2026-06-22 01:00:00,50.000000,2.300000,,datagouv,26.100000,0.000000,1.720287,0.000000,0.000000,0.000000,-0.258822,-0.070623
2026-06-22 02:00:00,52.000000,2.300000,,datagouv,25.400000,0.000000,1.720287,0.000000,0.000000,0.000000,-0.256740,-0.069686
2026-06-22 03:00:00,54.000000,2.200000,,datagouv,24.700000,0.000000,1.645492,0.000000,0.000000,0.000000,-0.254916,-0.068981
2026-06-22 04:00:00,57.000000,2.100000,,datagouv,23.900000,0.000000,1.570697,0.000000,0.230568,0.173212,-0.012565,0.003233
2026-06-22 05:00:00,58.000000,2.100000,,datagouv,24.100000,13.888889,1.570697,0.050000,0.974603,0.732161,0.033616,0.016866
2026-06-22 06:00:00,51.000000,1.300000,,datagouv,27.500000,122.222222,0.972336,0.440000,1.759868,1.322083,0.380197,0.126045
2026-06-22 07:00:00,38.000000,3.300000,,datagouv,31.200000,280.555556,2.468239,1.010000,2.518468,1.891974,0.827806,0.285538
2026-06-22 08:00:00,34.000000,3.700000,,datagouv,33.300000,447.222222,2.767419,1.610000,3.198707,2.402997,1.325960,0.460999
2026-06-22 09:00:00,30.000000,2.100000,,datagouv,34.800000,605.555556,1.570697,2.180000,3.754227,2.820325,1.802763,0.626176
2026-06-22 10:00:00,28.000000,2.600000,,datagouv,36.700000,750.000000,1.944673,2.700000,4.147170,3.115520,2.243197,0.791587
2026-06-22 11:00:00,24.000000,2.300000,,datagouv,38.600000,850.000000,1.720287,3.060000,4.350759,3.268464,2.531966,0.905928
2026-06-22 12:00:00,20.000000,3.400000,,datagouv,40.200000,894.444444,2.543034,3.220000,4.351118,3.268734,2.636095,0.959659
2026-06-22 13:00:00,20.000000,3.500000,,datagouv,40.600000,900.000000,2.617829,3.240000,4.148223,3.116311,2.649705,0.967853
2026-06-22 14:00:00,18.000000,2.300000,,datagouv,40.500000,850.000000,1.720287,3.060000,3.755902,2.821584,2.466136,0.897592
2026-06-22 15:00:00,18.000000,2.600000,,datagouv,41.100000,766.666667,1.944673,2.760000,3.200889,2.404636,2.192677,0.804932
2026-06-22 16:00:00,17.000000,2.600000,,datagouv,41.200000,638.888889,1.944673,2.300000,2.521010,1.893883,1.760552,0.650938
2026-06-22 17:00:00,17.000000,2.100000,,datagouv,41.200000,477.777778,1.570697,1.720000,1.762595,1.324132,1.226952,0.457759
2026-06-22 18:00:00,17.000000,0.800000,,datagouv,41.100000,302.777778,0.598361,1.090000,0.977330,0.734210,0.646953,0.244599
2026-06-22 19:00:00,20.000000,1.000000,,datagouv,39.300000,144.444444,0.747951,0.520000,0.232622,0.174755,0.141299,0.062825
2026-06-22 20:00:00,27.000000,1.200000,,datagouv,35.900000,0.000000,0.897541,0.000000,0.000000,0.000000,-0.304138,-0.092501
2026-06-22 21:00:00,35.000000,2.100000,,datagouv,33.800000,0.000000,1.570697,0.000000,0.000000,0.000000,-0.272131,-0.078815
2026-06-22 22:00:00,47.000000,1.200000,,datagouv,29.100000,0.000000,0.897541,0.000000,0.000000,0.000000,-0.251260,-0.072567
2026-06-22 23:00:00,41.000000,2.000000,,datagouv,29.600000,0.000000,1.495902,0.000000,0.000000,0.000000,-0.270272,-0.076337
2026-06-23 00:00:00,46.000000,2.400000,,datagouv,27.700000,0.000000,1.795083,0.000000,0.000000,0.000000,-0.262789,-0.072364
2026-06-23 01:00:00,45.000000,2.800000,,datagouv,27.500000,0.000000,2.094263,0.000000,0.000000,0.000000,-0.267190,-0.072541
2026-06-23 02:00:00,46.000000,3.700000,,datagouv,26.700000,0.000000,2.767419,0.000000,0.000000,0.000000,-0.268037,-0.070466
2026-06-23 03:00:00,48.000000,3.400000,,datagouv,26.000000,0.000000,2.543034,0.000000,0.000000,0.000000,-0.265356,-0.070062
2026-06-23 04:00:00,50.000000,2.800000,,datagouv,25.000000,0.000000,2.094263,0.000000,0.227979,0.171267,-0.013224,0.005570
2026-06-23 05:00:00,51.000000,2.400000,,datagouv,25.000000,16.666667,1.795083,0.060000,0.971180,0.729590,0.042118,0.021400
2026-06-23 06:00:00,45.000000,1.400000,,datagouv,28.300000,127.777778,1.047132,0.460000,1.756435,1.319504,0.391488,0.132046
2026-06-23 07:00:00,34.000000,3.000000,,datagouv,32.300000,291.666667,2.243853,1.050000,2.515212,1.889528,0.851776,0.297156
2026-06-23 08:00:00,32.000000,3.500000,,datagouv,33.800000,444.444444,2.617829,1.600000,3.195802,2.400814,1.314112,0.459342
2026-06-23 09:00:00,30.000000,3.300000,,datagouv,35.500000,616.666667,2.468239,2.220000,3.751823,2.818519,1.836527,0.645606
2026-06-23 10:00:00,26.000000,2.800000,,datagouv,37.600000,761.111111,2.094263,2.740000,4.145383,3.114178,2.268215,0.807709
2026-06-23 11:00:00,22.000000,2.300000,,datagouv,40.000000,855.555556,1.720287,3.080000,4.349663,3.267641,2.540588,0.919671
2026-06-23 12:00:00,19.000000,2.700000,,datagouv,41.200000,908.333333,2.019468,3.270000,4.350740,3.268450,2.671417,0.977221
2026-06-23 13:00:00,18.000000,2.400000,,datagouv,41.800000,908.333333,1.795083,3.270000,4.148542,3.116551,2.665000,0.978299
2026-06-23 14:00:00,16.000000,2.700000,,datagouv,41.400000,852.777778,2.019468,3.070000,3.756848,2.822294,2.460044,0.903564
2026-06-23 15:00:00,14.000000,2.100000,,datagouv,42.400000,680.555556,1.570697,2.450000,3.202351,2.405734,1.872305,0.695732
2026-06-23 16:00:00,15.000000,1.100000,,datagouv,41.500000,511.111111,0.822746,1.840000,2.522839,1.895257,1.333474,0.493412
2026-06-23 17:00:00,17.000000,1.200000,,datagouv,40.900000,261.111111,0.897541,0.940000,1.764619,1.325653,0.648228,0.246256
2026-06-23 18:00:00,19.000000,1.200000,,datagouv,38.400000,138.888889,0.897541,0.500000,0.979364,0.735738,0.262047,0.105539
2026-06-23 19:00:00,25.000000,2.300000,,datagouv,35.000000,8.333333,1.720287,0.030000,0.234134,0.175891,0.011571,0.019544
2026-06-23 20:00:00,27.000000,2.800000,,datagouv,33.900000,0.000000,2.094263,0.000000,0.000000,0.000000,-0.015681,0.011207
2026-06-23 21:00:00,31.000000,2.000000,,datagouv,31.400000,0.000000,1.495902,0.000000,0.000000,0.000000,-0.015195,0.007690
2026-06-23 22:00:00,37.000000,2.600000,,datagouv,28.500000,0.000000,1.944673,0.000000,0.000000,0.000000,-0.014549,0.007833
2026-06-23 23:00:00,38.000000,3.000000,,datagouv,28.200000,0.000000,2.243853,0.000000,0.000000,0.000000,-0.014426,0.008582
2026-06-24 00:00:00,43.000000,0.700000,,datagouv,27.000000,0.000000,0.523566,0.000000,0.000000,0.000000,-0.013818,0.002546
2026-06-24 01:00:00,47.000000,1.000000,,datagouv,25.300000,0.000000,0.747951,0.000000,0.000000,0.000000,-0.013588,0.002599
2026-06-24 02:00:00,47.000000,2.500000,,datagouv,25.400000,0.000000,1.869878,0.000000,0.000000,0.000000,-0.013564,0.005522
2026-06-24 03:00:00,47.000000,2.500000,,datagouv,25.400000,0.000000,1.869878,0.000000,0.000000,0.000000,-0.013564,0.005522
2026-06-24 04:00:00,50.000000,2.800000,,datagouv,24.500000,0.000000,2.094263,0.000000,0.225073,0.169084,-0.013344,0.005462
2026-06-24 05:00:00,50.000000,1.700000,,datagouv,24.700000,13.888889,1.271517,0.050000,0.967380,0.726735,0.032703,0.017369
2026-06-24 06:00:00,47.000000,1.500000,,datagouv,27.700000,119.444444,1.121927,0.430000,1.752673,1.316678,0.372018,0.124802
2026-06-24 07:00:00,36.000000,1.900000,,datagouv,32.600000,277.777778,1.421107,1.000000,2.511672,1.886869,0.819694,0.284060
2026-06-24 08:00:00,25.000000,3.300000,,datagouv,36.200000,433.333333,2.468239,1.560000,3.192652,2.398448,1.268763,0.455762
2026-06-24 09:00:00,24.000000,1.800000,,datagouv,38.000000,602.777778,1.346312,2.170000,3.749206,2.816553,1.780359,0.637001
2026-06-24 10:00:00,20.000000,3.000000,,datagouv,39.400000,744.444444,2.243853,2.680000,4.143404,3.112691,2.192118,0.795205
2026-06-24 11:00:00,19.000000,2.900000,,datagouv,40.300000,847.222222,2.169058,3.050000,4.348384,3.266680,2.495449,0.908712
2026-06-24 12:00:00,19.000000,4.600000,,datagouv,41.200000,894.444444,3.440575,3.220000,4.350176,3.268026,2.632102,0.970475
2026-06-24 13:00:00,18.000000,3.300000,,datagouv,41.700000,897.222222,2.468239,3.230000,4.148658,3.116638,2.627744,0.967733
2026-06-24 14:00:00,17.000000,2.400000,,datagouv,41.600000,791.666667,1.795083,2.850000,3.757563,2.822832,2.268182,0.834506
2026-06-24 15:00:00,23.000000,2.500000,,datagouv,39.900000,550.000000,1.869878,1.980000,3.203544,2.406630,1.585547,0.580566
2026-06-24 16:00:00,28.000000,6.000000,,datagouv,35.400000,191.666667,4.487706,0.690000,2.524356,1.896397,0.592340,0.229072
2026-06-24 17:00:00,48.000000,1.900000,,datagouv,31.000000,36.111111,1.421107,0.130000,1.766284,1.326903,0.107849,0.044486
2026-06-24 18:00:00,37.000000,3.500000,,datagouv,33.400000,36.111111,2.617829,0.130000,0.980991,0.736959,0.106351,0.051610
2026-06-24 19:00:00,36.000000,3.100000,,datagouv,32.700000,16.666667,2.318648,0.060000,0.235288,0.176758,0.025552,0.023473
2026-06-24 20:00:00,41.000000,1.600000,,datagouv,31.300000,0.000000,1.196722,0.000000,0.000000,0.000000,-0.028193,0.000614
2026-06-24 21:00:00,40.000000,4.100000,,datagouv,31.100000,0.000000,3.066599,0.000000,0.000000,0.000000,-0.028768,0.006702
2026-06-24 22:00:00,41.000000,3.100000,,datagouv,31.200000,0.000000,2.318648,0.000000,0.000000,0.000000,-0.028260,0.004205
2026-06-24 23:00:00,37.000000,2.800000,,datagouv,32.100000,0.000000,2.094263,0.000000,0.000000,0.000000,-0.029531,0.004047
2026-06-25 00:00:00,50.000000,2.900000,,datagouv,28.500000,0.000000,2.169058,0.000000,0.000000,0.000000,-0.026502,0.002060
2026-06-25 01:00:00,48.000000,2.400000,,datagouv,28.000000,0.000000,1.795083,0.000000,0.000000,0.000000,-0.027547,0.001097
2026-06-25 02:00:00,44.000000,3.400000,,datagouv,28.300000,0.000000,2.543034,0.000000,0.000000,0.000000,-0.028834,0.003640
2026-06-25 03:00:00,51.000000,1.600000,,datagouv,25.700000,0.000000,1.196722,0.000000,0.000000,0.000000,-0.027931,-0.001178
2026-06-25 04:00:00,55.000000,3.000000,,datagouv,24.400000,0.000000,2.243853,0.000000,0.221859,0.166670,-0.012691,0.005021
2026-06-25 05:00:00,50.000000,1.600000,,datagouv,26.000000,13.888889,1.196722,0.050000,0.963206,0.723599,0.033032,0.017678
2026-06-25 06:00:00,46.000000,2.600000,,datagouv,28.500000,119.444444,1.944673,0.430000,1.748586,1.313608,0.371858,0.128538
2026-06-25 07:00:00,39.000000,3.900000,,datagouv,30.200000,230.555556,2.917009,0.830000,2.507853,1.883999,0.696327,0.240914
2026-06-25 08:00:00,33.000000,5.400000,,datagouv,32.600000,444.444444,4.038936,1.600000,3.189263,2.395902,1.312816,0.458264
2026-06-25 09:00:00,30.000000,3.800000,,datagouv,34.100000,630.555556,2.842214,2.270000,3.746379,2.814430,1.869576,0.649531
2026-06-25 10:00:00,27.000000,3.600000,,datagouv,35.600000,758.333333,2.692624,2.730000,4.141235,3.111061,2.256487,0.791644
2026-06-25 11:00:00,24.000000,4.000000,,datagouv,37.000000,788.888889,2.991804,2.840000,4.346922,3.265582,2.350759,0.836664
2026-06-25 12:00:00,20.000000,5.300000,,datagouv,38.500000,894.444444,3.964141,3.220000,4.349424,3.267461,2.628577,0.950984
2026-06-25 13:00:00,20.000000,4.400000,,datagouv,39.200000,905.555556,3.290985,3.260000,4.148568,3.116570,2.661662,0.964822
2026-06-25 14:00:00,20.000000,5.300000,,datagouv,39.400000,827.777778,3.964141,2.980000,3.758044,2.823193,2.404940,0.878991
2026-06-25 15:00:00,21.000000,5.500000,,datagouv,38.700000,650.000000,4.113731,2.340000,3.204465,2.407322,1.833494,0.673477
2026-06-25 16:00:00,23.000000,6.000000,,datagouv,38.700000,644.444444,4.487706,2.320000,2.525557,1.897299,1.817698,0.668964
2026-06-25 17:00:00,25.000000,5.100000,,datagouv,37.900000,466.666667,3.814550,1.680000,1.767585,1.327881,1.238977,0.458497
2026-06-25 18:00:00,35.000000,7.100000,,datagouv,33.600000,311.111111,5.310453,1.120000,0.982205,0.737872,0.757065,0.280629
2026-06-25 19:00:00,37.000000,4.600000,,datagouv,30.700000,136.111111,3.440575,0.490000,0.236080,0.177353,0.170341,0.073498
2026-06-25 20:00:00,45.000000,1.700000,,datagouv,28.800000,0.000000,1.271517,0.000000,0.000000,0.000000,-0.260066,-0.073753
2026-06-25 21:00:00,52.000000,1.500000,,datagouv,26.700000,0.000000,1.121927,0.000000,0.000000,0.000000,-0.249481,-0.070079
2026-06-25 22:00:00,65.000000,2.900000,,datagouv,25.100000,0.000000,2.169058,0.000000,0.000000,0.000000,-0.223929,-0.060962
2026-06-25 23:00:00,72.000000,3.500000,,datagouv,24.500000,0.000000,2.617829,0.000000,0.000000,0.000000,-0.211210,-0.057384
2026-06-26 00:00:00,85.000000,7.800000,,datagouv,23.200000,0.000000,5.834018,0.000000,0.000000,0.000000,-0.192801,-0.051348
2026-06-26 01:00:00,83.000000,4.900000,,datagouv,22.900000,0.000000,3.664960,0.000000,0.000000,0.000000,-0.199112,-0.053960
2026-06-26 02:00:00,91.000000,5.000000,,datagouv,21.700000,0.000000,3.739755,0.000000,0.000000,0.000000,-0.192754,-0.053077
2026-06-26 03:00:00,88.000000,2.100000,,datagouv,21.700000,0.000000,1.570697,0.000000,0.000000,0.000000,-0.198277,-0.055079
2026-06-26 04:00:00,92.000000,2.800000,,datagouv,21.500000,0.000000,2.094263,0.000000,0.218349,0.164033,-0.009622,-0.001338
2026-06-26 05:00:00,96.000000,1.500000,,datagouv,21.100000,5.555556,1.121927,0.020000,0.958664,0.720186,0.008979,0.003080
2026-06-26 06:00:00,95.000000,1.900000,,datagouv,21.300000,61.111111,1.421107,0.220000,1.744179,1.310297,0.192968,0.055761
2026-06-26 07:00:00,92.000000,3.700000,,datagouv,22.100000,127.777778,2.767419,0.460000,2.503757,1.880923,0.413808,0.121287
2026-06-26 08:00:00,86.000000,3.900000,,datagouv,22.700000,311.111111,2.917009,1.120000,3.185635,2.393177,0.975548,0.287820
2026-06-26 09:00:00,80.000000,3.200000,,datagouv,24.100000,375.000000,2.393443,1.350000,3.743344,2.812150,1.183495,0.357107
2026-06-26 10:00:00,72.000000,2.300000,,datagouv,26.400000,658.333333,1.720287,2.370000,4.138877,3.109290,2.046788,0.636179
2026-06-26 11:00:00,63.000000,2.100000,,datagouv,28.300000,850.000000,1.570697,3.060000,4.345278,3.264347,2.626657,0.837064
2026-06-26 12:00:00,52.000000,2.300000,,datagouv,30.200000,863.888889,1.720287,3.110000,4.348483,3.266754,2.649476,0.866427
2026-06-26 13:00:00,49.000000,2.200000,,datagouv,31.400000,838.888889,1.645492,3.020000,4.148272,3.116348,2.559595,0.849257
2026-06-26 14:00:00,40.000000,2.400000,,datagouv,32.800000,738.888889,1.795083,2.660000,3.758289,2.823377,2.211978,0.748722
2026-06-26 15:00:00,35.000000,1.600000,,datagouv,33.800000,747.222222,1.196722,2.690000,3.205112,2.407808,2.202669,0.752147
2026-06-26 16:00:00,35.000000,2.600000,,datagouv,35.100000,613.888889,1.944673,2.210000,2.526438,1.897961,1.769301,0.617010
2026-06-26 17:00:00,36.000000,2.600000,,datagouv,34.900000,455.555556,1.944673,1.640000,1.768518,1.328582,1.248699,0.438626
2026-06-26 18:00:00,38.000000,4.200000,,datagouv,33.600000,288.888889,3.141395,1.040000,0.983003,0.738471,0.697810,0.251857
2026-06-26 19:00:00,41.000000,3.800000,,datagouv,32.300000,130.555556,2.842214,0.470000,0.236504,0.177671,0.178305,0.074484
2026-06-26 20:00:00,52.000000,5.100000,,datagouv,30.000000,0.000000,3.814550,0.000000,0.000000,0.000000,-0.227856,-0.058996
2026-06-26 21:00:00,58.000000,2.800000,,datagouv,28.100000,0.000000,2.094263,0.000000,0.000000,0.000000,-0.222295,-0.061550
2026-06-26 22:00:00,61.000000,2.900000,,datagouv,27.200000,0.000000,2.169058,0.000000,0.000000,0.000000,-0.220015,-0.060627
2026-06-26 23:00:00,62.000000,2.900000,,datagouv,26.300000,0.000000,2.169058,0.000000,0.000000,0.000000,-0.223584,-0.061241
2026-06-27 00:00:00,64.000000,1.900000,,datagouv,25.200000,0.000000,1.421107,0.000000,0.000000,0.000000,-0.225784,-0.062723
2026-06-27 01:00:00,63.000000,1.600000,,datagouv,25.100000,0.000000,1.196722,0.000000,0.000000,0.000000,-0.228979,-0.063848
2026-06-27 02:00:00,68.000000,1.600000,,datagouv,24.200000,0.000000,1.196722,0.000000,0.000000,0.000000,-0.222624,-0.061865
2026-06-27 03:00:00,70.000000,1.100000,,datagouv,23.600000,0.000000,0.822746,0.000000,0.000000,0.000000,-0.221952,-0.061935
2026-06-27 04:00:00,78.000000,1.000000,,datagouv,21.800000,0.000000,0.747951,0.000000,0.214554,0.161182,-0.010838,-0.000534
2026-06-27 05:00:00,80.000000,0.800000,,datagouv,22.000000,5.555556,0.598361,0.020000,0.953757,0.716500,0.007826,0.004481
2026-06-27 06:00:00,74.000000,1.700000,,datagouv,23.600000,105.555556,1.271517,0.380000,1.739454,1.306748,0.338949,0.104167
2026-06-27 07:00:00,65.000000,2.900000,,datagouv,25.900000,261.111111,2.169058,0.940000,2.499390,1.877642,0.793624,0.250002
2026-06-27 08:00:00,60.000000,1.700000,,datagouv,27.800000,427.777778,1.271517,1.540000,3.181774,2.390276,1.303210,0.415845
2026-06-27 09:00:00,50.000000,1.200000,,datagouv,30.400000,586.111111,0.897541,2.110000,3.740104,2.809716,1.787204,0.586986
2026-06-27 10:00:00,44.000000,2.400000,,datagouv,32.000000,719.444444,1.795083,2.590000,4.136331,3.107377,2.193957,0.735595
2026-06-27 11:00:00,39.000000,2.100000,,datagouv,34.000000,791.666667,1.570697,2.850000,4.343452,3.262975,2.413391,0.825276
2026-06-27 12:00:00,37.000000,1.700000,,datagouv,34.700000,808.333333,1.271517,2.910000,4.347352,3.265905,2.458489,0.845576
2026-06-27 13:00:00,34.000000,2.300000,,datagouv,35.300000,819.444444,1.720287,2.950000,4.147766,3.115968,2.465420,0.855082
2026-06-27 14:00:00,33.000000,3.800000,,datagouv,36.200000,683.333333,2.842214,2.460000,3.758295,2.823381,2.042279,0.721334
2026-06-27 15:00:00,32.000000,5.700000,,datagouv,35.800000,761.111111,4.263321,2.740000,3.205480,2.408085,2.245256,0.794235
2026-06-27 16:00:00,43.000000,8.000000,,datagouv,32.300000,463.888889,5.983609,1.670000,2.526996,1.898381,1.330650,0.465574
2026-06-27 17:00:00,37.000000,7.200000,,datagouv,32.600000,430.555556,5.385248,1.550000,1.769080,1.329003,1.156131,0.409640
2026-06-27 18:00:00,51.000000,5.500000,,datagouv,29.600000,255.555556,4.113731,0.920000,0.983382,0.738756,0.612257,0.212224
2026-06-27 19:00:00,49.000000,4.600000,,datagouv,29.100000,180.555556,3.440575,0.650000,0.236557,0.177711,0.353657,0.127139
2026-06-27 20:00:00,56.000000,3.000000,,datagouv,26.100000,0.000000,2.243853,0.000000,0.000000,0.000000,-0.241433,-0.065203
2026-06-27 21:00:00,64.000000,2.800000,,datagouv,24.200000,0.000000,2.094263,0.000000,0.000000,0.000000,-0.232192,-0.062602
2026-06-27 22:00:00,59.000000,2.800000,,datagouv,24.800000,0.000000,2.094263,0.000000,0.000000,0.000000,-0.241116,-0.064873
2026-06-27 23:00:00,60.000000,2.800000,,datagouv,23.900000,0.000000,2.094263,0.000000,0.000000,0.000000,-0.243774,-0.065028
2026-06-28 00:00:00,71.000000,3.500000,,datagouv,21.300000,0.000000,2.617829,0.000000,0.000000,0.000000,-0.233829,-0.060900
2026-06-28 01:00:00,69.000000,4.600000,,datagouv,21.800000,0.000000,3.440575,0.000000,0.000000,0.000000,-0.235129,-0.060216
2026-06-28 02:00:00,74.000000,3.700000,,datagouv,20.800000,0.000000,2.767419,0.000000,0.000000,0.000000,-0.230710,-0.059934
2026-06-28 03:00:00,79.000000,1.900000,,datagouv,20.300000,0.000000,1.421107,0.000000,0.000000,0.000000,-0.224159,-0.059826
2026-06-28 04:00:00,79.000000,1.500000,,datagouv,20.100000,0.000000,1.121927,0.000000,0.210487,0.158126,-0.011267,-0.000440
2026-06-28 05:00:00,83.000000,2.200000,,datagouv,20.000000,0.000000,1.645492,0.000000,0.948490,0.712544,-0.010937,-0.000478
2026-06-28 06:00:00,83.000000,2.600000,,datagouv,20.100000,36.111111,1.944673,0.130000,1.734418,1.302965,0.108694,0.033149
2026-06-28 07:00:00,77.000000,3.500000,,datagouv,21.700000,197.222222,2.617829,0.710000,2.494754,1.874159,0.617785,0.182010
2026-06-28 08:00:00,69.000000,2.900000,,datagouv,23.300000,425.000000,2.169058,1.530000,3.177682,2.387202,1.291086,0.386273
2026-06-28 09:00:00,63.000000,2.900000,,datagouv,24.500000,441.666667,2.169058,1.590000,3.736661,2.807130,1.366273,0.417188
2026-06-28 10:00:00,57.000000,2.900000,,datagouv,25.700000,719.444444,2.169058,2.590000,4.133599,3.105325,2.195729,0.679063
2026-06-28 11:00:00,62.000000,2.500000,,datagouv,24.900000,211.111111,1.869878,0.760000,4.341443,3.261466,0.687560,0.214418
2026-06-28 12:00:00,51.000000,3.000000,,datagouv,27.100000,677.777778,2.243853,2.440000,4.346031,3.264912,2.079957,0.657664
2026-06-28 13:00:00,54.000000,3.400000,,datagouv,26.800000,494.444444,2.543034,1.780000,4.147049,3.115429,1.535251,0.486193
2026-06-28 14:00:00,48.000000,3.600000,,datagouv,28.100000,650.000000,2.692624,2.340000,3.758058,2.823203,1.957582,0.629587
2026-06-28 15:00:00,47.000000,5.200000,,datagouv,28.800000,600.000000,3.889346,2.160000,3.205567,2.408150,1.769319,0.578851
2026-06-28 16:00:00,52.000000,5.300000,,datagouv,27.300000,372.222222,3.964141,1.340000,2.527226,1.898554,1.084566,0.352717
2026-06-28 17:00:00,61.000000,5.600000,,datagouv,25.400000,100.000000,4.188526,0.360000,1.769265,1.329143,0.319589,0.108705
2026-06-28 18:00:00,53.000000,5.000000,,datagouv,26.400000,141.666667,3.739755,0.510000,0.983337,0.738722,0.324704,0.113253
2026-06-28 19:00:00,51.000000,5.100000,,datagouv,25.900000,141.666667,3.814550,0.510000,0.236236,0.177470,0.212258,0.078725
2026-06-28 20:00:00,59.000000,4.800000,,datagouv,24.200000,0.000000,3.590165,0.000000,0.000000,0.000000,-0.244583,-0.062440
2026-06-28 21:00:00,62.000000,5.000000,,datagouv,23.100000,0.000000,3.739755,0.000000,0.000000,0.000000,-0.243415,-0.061617
2026-06-28 22:00:00,65.000000,5.200000,,datagouv,21.800000,0.000000,3.889346,0.000000,0.000000,0.000000,-0.243679,-0.061010
2026-06-28 23:00:00,67.000000,4.900000,,datagouv,21.000000,0.000000,3.664960,0.000000,0.000000,0.000000,-0.243640,-0.061059
2026-06-29 00:00:00,74.000000,3.500000,,datagouv,19.600000,0.000000,2.617829,0.000000,0.000000,0.000000,-0.237279,-0.060685
2026-06-29 01:00:00,79.000000,2.600000,,datagouv,18.900000,0.000000,1.944673,0.000000,0.000000,0.000000,-0.232055,-0.060028
2026-06-29 02:00:00,74.000000,3.100000,,datagouv,19.200000,0.000000,2.318648,0.000000,0.000000,0.000000,-0.239341,-0.061146
2026-06-29 03:00:00,70.000000,3.300000,,datagouv,18.200000,0.000000,2.468239,0.000000,0.000000,0.000000,-0.251248,-0.062354
2026-06-29 04:00:00,72.000000,2.400000,,datagouv,17.300000,0.000000,1.795083,0.000000,0.206160,0.154876,-0.012582,0.000785
2026-06-29 05:00:00,71.000000,1.800000,,datagouv,17.200000,19.444444,1.346312,0.070000,0.942869,0.708321,0.051713,0.017388
2026-06-29 06:00:00,67.000000,3.600000,,datagouv,18.200000,130.555556,2.692624,0.470000,1.729075,1.298950,0.396862,0.113135
2026-06-29 07:00:00,66.000000,3.800000,,datagouv,19.000000,197.222222,2.842214,0.710000,2.489855,1.870479,0.611759,0.174130
2026-06-29 08:00:00,61.000000,3.500000,,datagouv,20.300000,211.111111,2.617829,0.760000,3.173362,2.383957,0.678346,0.197695
2026-06-29 09:00:00,56.000000,3.500000,,datagouv,21.800000,383.333333,2.617829,1.380000,3.733018,2.804392,1.186641,0.350160
2026-06-29 10:00:00,52.000000,3.200000,,datagouv,23.300000,805.555556,2.393443,2.900000,4.130681,3.103133,2.424529,0.723966
2026-06-29 11:00:00,48.000000,2.200000,,datagouv,25.000000,802.777778,1.645492,2.890000,4.339252,3.259820,2.429966,0.743495
2026-06-29 12:00:00,45.000000,3.300000,,datagouv,26.000000,855.555556,2.468239,3.080000,4.344518,3.263776,2.579878,0.802959
2026-06-29 13:00:00,41.000000,3.300000,,datagouv,27.600000,908.333333,2.468239,3.270000,4.146119,3.114730,2.728015,0.867881
2026-06-29 14:00:00,39.000000,1.300000,,datagouv,28.400000,722.222222,0.972336,2.600000,3.757576,2.822841,2.138375,0.685913
2026-06-29 15:00:00,42.000000,2.800000,,datagouv,27.300000,641.666667,2.094263,2.310000,3.205367,2.408000,1.862166,0.592874
2026-06-29 16:00:00,35.000000,1.900000,,datagouv,29.500000,675.000000,1.421107,2.430000,2.527125,1.898478,1.941052,0.634127
2026-06-29 17:00:00,35.000000,2.600000,,datagouv,29.600000,527.777778,1.944673,1.900000,1.769071,1.328997,1.453895,0.480194
2026-06-29 18:00:00,41.000000,5.700000,,datagouv,27.200000,338.888889,4.263321,1.220000,0.982865,0.738367,0.840172,0.280202
2026-06-29 19:00:00,43.000000,5.700000,,datagouv,25.900000,147.222222,4.263321,0.530000,0.235541,0.176948,0.206235,0.080385
2026-06-29 20:00:00,48.000000,3.600000,,datagouv,24.000000,0.000000,2.692624,0.000000,0.000000,0.000000,-0.274712,-0.070614
2026-06-29 21:00:00,54.000000,2.800000,,datagouv,22.300000,0.000000,2.094263,0.000000,0.000000,0.000000,-0.266506,-0.068992
2026-06-29 22:00:00,62.000000,2.000000,,datagouv,20.000000,0.000000,1.495902,0.000000,0.000000,0.000000,-0.258681,-0.066605
2026-06-29 23:00:00,67.000000,1.200000,,datagouv,18.600000,0.000000,0.897541,0.000000,0.000000,0.000000,-0.254967,-0.065456
2026-06-30 00:00:00,75.000000,0.800000,,datagouv,16.000000,0.000000,0.598361,0.000000,0.000000,0.000000,-0.252101,-0.062565
2026-06-30 01:00:00,78.000000,0.000000,,datagouv,15.600000,0.000000,0.000000,0.000000,0.000000,0.000000,-0.249121,-0.062060
2026-06-30 02:00:00,81.000000,0.700000,,datagouv,14.600000,0.000000,0.523566,0.000000,0.000000,0.000000,-0.248733,-0.060445
2026-06-30 03:00:00,83.000000,1.100000,,datagouv,14.400000,0.000000,0.822746,0.000000,0.000000,0.000000,-0.246738,-0.059664
2026-06-30 04:00:00,83.000000,0.900000,,datagouv,14.800000,0.000000,0.673156,0.000000,0.201587,0.151441,-0.012256,-0.001464
2026-06-30 05:00:00,84.000000,0.000000,,datagouv,15.400000,16.666667,0.000000,0.060000,0.936897,0.703835,0.043141,0.012102
2026-06-30 06:00:00,68.000000,0.000000,,datagouv,19.100000,136.111111,0.000000,0.490000,1.723429,1.294708,0.410424,0.115025
2026-06-30 07:00:00,57.000000,0.600000,,datagouv,21.900000,258.333333,0.448771,0.930000,2.484695,1.866602,0.771349,0.226689
2026-06-30 08:00:00,54.000000,1.700000,,datagouv,23.200000,405.555556,1.271517,1.460000,3.168818,2.380543,1.217777,0.364982
2026-06-30 09:00:00,49.000000,1.900000,,datagouv,25.100000,547.222222,1.421107,1.970000,3.729175,2.801505,1.652475,0.508447
2026-06-30 10:00:00,42.000000,2.200000,,datagouv,27.100000,766.666667,1.645492,2.760000,4.127579,3.100802,2.301374,0.726701
2026-06-30 11:00:00,33.000000,3.900000,,datagouv,27.900000,866.666667,2.917009,3.120000,4.336879,3.258037,2.579111,0.827761
2026-06-30 12:00:00,30.000000,3.700000,,datagouv,29.400000,927.777778,2.767419,3.340000,4.342812,3.262494,2.756517,0.900566
2026-06-30 13:00:00,28.000000,5.900000,,datagouv,29.700000,941.666667,4.412911,3.390000,4.144973,3.113869,2.794448,0.922831
2026-06-30 14:00:00,28.000000,5.700000,,datagouv,29.200000,841.666667,4.263321,3.030000,3.756845,2.822292,2.461692,0.810273
2026-06-30 15:00:00,28.000000,5.500000,,datagouv,28.900000,788.888889,4.113731,2.840000,3.204879,2.407633,2.285995,0.750731
2026-06-30 16:00:00,32.000000,6.300000,,datagouv,28.100000,655.555556,4.712092,2.360000,2.526689,1.898150,1.858921,0.609316
2026-06-30 17:00:00,37.000000,7.100000,,datagouv,26.700000,505.555556,5.310453,1.820000,1.768493,1.328563,1.376086,0.448757
2026-06-30 18:00:00,41.000000,6.900000,,datagouv,25.800000,322.222222,5.160862,1.160000,0.981962,0.737689,0.778976,0.258632
2026-06-30 19:00:00,43.000000,5.500000,,datagouv,24.500000,138.888889,4.113731,0.500000,0.234470,0.176143,0.172892,0.068204
2026-06-30 20:00:00,48.000000,5.900000,,datagouv,23.100000,0.000000,4.412911,0.000000,0.000000,0.000000,-0.278450,-0.066638
2026-06-30 21:00:00,56.000000,4.000000,,datagouv,21.200000,0.000000,2.991804,0.000000,0.000000,0.000000,-0.266517,-0.066389
2026-06-30 22:00:00,55.000000,4.300000,,datagouv,19.400000,0.000000,3.216190,0.000000,0.000000,0.000000,-0.275620,-0.066276
2026-06-30 23:00:00,67.000000,4.800000,,datagouv,18.000000,0.000000,3.590165,0.000000,0.000000,0.000000,-0.257468,-0.061735
2026-07-01 00:00:00,77.000000,3.400000,,datagouv,17.000000,0.000000,2.543034,0.000000,0.000000,0.000000,-0.244717,-0.060339
2026-07-01 01:00:00,84.000000,2.800000,,datagouv,15.800000,0.000000,2.094263,0.000000,0.000000,0.000000,-0.239398,-0.058968
2026-07-01 02:00:00,87.000000,3.000000,,datagouv,15.500000,0.000000,2.243853,0.000000,0.000000,0.000000,-0.236462,-0.058221
2026-07-01 03:00:00,89.000000,2.800000,,datagouv,15.100000,0.000000,2.094263,0.000000,0.000000,0.000000,-0.235516,-0.057849
2026-07-01 04:00:00,89.000000,2.500000,,datagouv,14.800000,0.000000,1.869878,0.000000,0.196783,0.147831,-0.011844,-0.001435
2026-07-01 05:00:00,84.000000,2.100000,,datagouv,15.100000,13.888889,1.570697,0.050000,0.930580,0.699089,0.033876,0.010632
2026-07-01 06:00:00,76.000000,3.100000,,datagouv,17.000000,125.000000,2.318648,0.450000,1.717483,1.290242,0.384233,0.105084
2026-07-01 07:00:00,66.000000,3.800000,,datagouv,19.500000,291.666667,2.842214,1.050000,2.479279,1.862534,0.862039,0.244914
2026-07-01 08:00:00,60.000000,3.800000,,datagouv,20.700000,388.888889,2.842214,1.400000,3.164052,2.376962,1.172346,0.339135
2026-07-01 09:00:00,55.000000,3.100000,,datagouv,21.800000,544.444444,2.318648,1.960000,3.725135,2.798471,1.644624,0.481471
2026-07-01 10:00:00,51.000000,3.500000,,datagouv,23.500000,680.555556,2.617829,2.450000,4.124293,3.098334,2.061143,0.619542
2026-07-01 11:00:00,53.000000,3.000000,,datagouv,23.300000,605.555556,2.243853,2.180000,4.334322,3.256116,1.859113,0.556826
2026-07-01 12:00:00,46.000000,4.300000,,datagouv,24.300000,702.777778,3.216190,2.530000,4.340911,3.261066,2.132971,0.651317
2026-07-01 13:00:00,44.000000,4.300000,,datagouv,25.200000,636.111111,3.216190,2.290000,4.143609,3.112845,1.925919,0.597795
2026-07-01 14:00:00,40.000000,3.800000,,datagouv,25.600000,713.888889,2.842214,2.570000,3.755863,2.821555,2.107309,0.656473
2026-07-01 15:00:00,36.000000,2.700000,,datagouv,26.700000,713.888889,2.019468,2.570000,3.204097,2.407046,2.062504,0.651080
2026-07-01 16:00:00,35.000000,3.300000,,datagouv,26.800000,677.777778,2.468239,2.440000,2.525913,1.897567,1.939619,0.615529
2026-07-01 17:00:00,37.000000,3.600000,,datagouv,26.200000,433.333333,2.692624,1.560000,1.767528,1.327837,1.135048,0.363298
2026-07-01 18:00:00,40.000000,4.300000,,datagouv,25.700000,316.666667,3.216190,1.140000,0.980624,0.736684,0.756917,0.246120
2026-07-01 19:00:00,43.000000,4.300000,,datagouv,24.500000,105.555556,3.216190,0.380000,0.233025,0.175058,0.062492,0.032616
2026-07-01 20:00:00,48.000000,2.600000,,datagouv,22.800000,0.000000,1.944673,0.000000,0.000000,0.000000,-0.279633,-0.072628
2026-07-01 21:00:00,52.000000,3.100000,,datagouv,21.400000,0.000000,2.318648,0.000000,0.000000,0.000000,-0.275028,-0.069613
2026-07-01 22:00:00,57.000000,2.500000,,datagouv,20.100000,0.000000,1.869878,0.000000,0.000000,0.000000,-0.268763,-0.068115
2026-07-01 23:00:00,61.000000,1.000000,,datagouv,18.600000,0.000000,0.747951,0.000000,0.000000,0.000000,-0.266348,-0.068102
2026-07-02 00:00:00,69.000000,2.300000,,datagouv,17.600000,0.000000,1.720287,0.000000,0.000000,0.000000,-0.255548,-0.063553
2026-07-02 01:00:00,75.000000,2.200000,,datagouv,17.000000,0.000000,1.645492,0.000000,0.000000,0.000000,-0.247954,-0.061736
2026-07-02 02:00:00,75.000000,1.700000,,datagouv,16.100000,0.000000,1.271517,0.000000,0.000000,0.000000,-0.251702,-0.061938
2026-07-02 03:00:00,77.000000,1.300000,,datagouv,15.400000,0.000000,0.972336,0.000000,0.000000,0.000000,-0.251411,-0.061449
2026-07-02 04:00:00,83.000000,1.600000,,datagouv,13.700000,0.000000,1.196722,0.000000,0.191761,0.144059,-0.012471,-0.001168
2026-07-02 05:00:00,80.000000,0.700000,,datagouv,14.700000,16.666667,0.523566,0.060000,0.923922,0.694087,0.042712,0.012472
2026-07-02 06:00:00,70.000000,1.300000,,datagouv,17.300000,133.333333,0.972336,0.480000,1.711244,1.285555,0.402308,0.109902
2026-07-02 07:00:00,65.000000,1.500000,,datagouv,18.700000,300.000000,1.121927,1.080000,2.473610,1.858275,0.881348,0.244157
2026-07-02 08:00:00,55.000000,2.100000,,datagouv,20.700000,469.444444,1.570697,1.690000,3.159066,2.373217,1.389241,0.398866
2026-07-02 09:00:00,45.000000,2.700000,,datagouv,22.400000,630.555556,2.019468,2.270000,3.720900,2.795289,1.872668,0.553693
2026-07-02 10:00:00,38.000000,4.400000,,datagouv,24.000000,766.666667,3.290985,2.760000,4.120824,3.095728,2.279591,0.694165
2026-07-02 11:00:00,42.000000,4.000000,,datagouv,25.200000,866.666667,2.991804,3.120000,4.331582,3.254058,2.598952,0.801730
2026-07-02 12:00:00,41.000000,4.300000,,datagouv,26.000000,916.666667,3.216190,3.300000,4.338814,3.259490,2.748591,0.857740
2026-07-02 13:00:00,43.000000,4.500000,,datagouv,27.500000,922.222222,3.365780,3.320000,4.142025,3.111654,2.780459,0.885325
2026-07-02 14:00:00,42.000000,4.600000,,datagouv,28.200000,863.888889,3.440575,3.110000,3.754626,2.820625,2.587270,0.832894
2026-07-02 15:00:00,47.000000,5.700000,,datagouv,28.300000,725.000000,4.263321,2.610000,3.203019,2.406236,2.145146,0.695055
2026-07-02 16:00:00,49.000000,5.700000,,datagouv,28.400000,644.444444,4.263321,2.320000,2.524793,1.896726,1.885646,0.613154
2026-07-02 17:00:00,54.000000,6.100000,,datagouv,27.700000,497.222222,4.562502,1.790000,1.766170,1.326818,1.409579,0.457395
2026-07-02 18:00:00,49.000000,5.600000,,datagouv,27.700000,280.555556,4.188526,1.010000,0.978848,0.735350,0.676241,0.227965
2026-07-02 19:00:00,57.000000,6.400000,,datagouv,25.600000,158.333333,4.786887,0.570000,0.231207,0.173692,0.282718,0.100237
2026-07-02 20:00:00,64.000000,5.500000,,datagouv,23.600000,0.000000,4.113731,0.000000,0.000000,0.000000,-0.235831,-0.059715
2026-07-02 21:00:00,69.000000,4.100000,,datagouv,22.300000,0.000000,3.066599,0.000000,0.000000,0.000000,-0.232237,-0.060381
2026-07-02 22:00:00,75.000000,3.600000,,datagouv,21.100000,0.000000,2.692624,0.000000,0.000000,0.000000,-0.227011,-0.059472
2026-07-02 23:00:00,78.000000,3.500000,,datagouv,20.400000,0.000000,2.617829,0.000000,0.000000,0.000000,-0.225420,-0.058992
2026-07-03 00:00:00,81.000000,2.300000,,datagouv,19.500000,0.000000,1.720287,0.000000,0.000000,0.000000,-0.225238,-0.059315
2026-07-03 01:00:00,85.000000,2.000000,,datagouv,18.800000,0.000000,1.495902,0.000000,0.000000,0.000000,-0.222445,-0.058534
2026-07-03 02:00:00,86.000000,1.800000,,datagouv,18.400000,0.000000,1.346312,0.000000,0.000000,0.000000,-0.223094,-0.058494
2026-07-03 03:00:00,76.000000,2.900000,,datagouv,19.100000,0.000000,2.169058,0.000000,0.000000,0.000000,-0.236263,-0.060695
2026-07-03 04:00:00,77.000000,3.400000,,datagouv,18.600000,0.000000,2.543034,0.000000,0.186538,0.140135,-0.011854,0.000998
2026-07-03 05:00:00,76.000000,3.100000,,datagouv,18.600000,8.333333,2.318648,0.030000,0.916928,0.688833,0.015659,0.008428
2026-07-03 06:00:00,74.000000,2.700000,,datagouv,19.200000,83.333333,2.019468,0.300000,1.704714,1.280650,0.264033,0.076787
2026-07-03 07:00:00,68.000000,3.700000,,datagouv,20.600000,255.555556,2.767419,0.920000,2.467692,1.853829,0.768437,0.222984
2026-07-03 08:00:00,61.000000,3.100000,,datagouv,22.500000,455.555556,2.318648,1.640000,3.153865,2.369310,1.363295,0.404098
2026-07-03 09:00:00,56.000000,2.400000,,datagouv,24.300000,600.000000,1.795083,2.160000,3.716472,2.791962,1.812387,0.549982
2026-07-03 10:00:00,50.000000,2.600000,,datagouv,25.800000,786.111111,1.944673,2.830000,4.117172,3.092984,2.373082,0.735099
2026-07-03 11:00:00,51.000000,2.200000,,datagouv,25.400000,527.777778,1.645492,1.900000,4.328659,3.251861,1.634097,0.505294
2026-07-03 12:00:00,43.000000,2.800000,,datagouv,27.800000,711.111111,2.094263,2.560000,4.336519,3.257766,2.161534,0.690639
2026-07-03 13:00:00,37.000000,1.600000,,datagouv,29.400000,888.888889,1.196722,3.200000,4.140217,3.110296,2.657102,0.861755
2026-07-03 14:00:00,32.000000,2.600000,,datagouv,29.100000,863.888889,1.944673,3.110000,3.753131,2.819502,2.552497,0.828685
2026-07-03 15:00:00,26.000000,2.800000,,datagouv,29.900000,794.444444,2.094263,2.860000,3.201639,2.405200,2.297954,0.756478
2026-07-03 16:00:00,25.000000,3.300000,,datagouv,30.100000,669.444444,2.468239,2.410000,2.523326,1.895624,1.879583,0.624786
2026-07-03 17:00:00,22.000000,4.000000,,datagouv,29.900000,508.333333,2.991804,1.830000,1.764418,1.325501,1.330106,0.449017
2026-07-03 18:00:00,25.000000,3.800000,,datagouv,29.600000,333.333333,2.842214,1.200000,0.976631,0.733685,0.765066,0.264489
2026-07-03 19:00:00,27.000000,3.100000,,datagouv,28.500000,161.111111,2.318648,0.580000,0.229020,0.172049,0.201188,0.079613
2026-07-03 20:00:00,32.000000,1.600000,,datagouv,26.000000,0.000000,1.196722,0.000000,0.000000,0.000000,-0.318753,-0.087489
2026-07-03 21:00:00,38.000000,2.000000,,datagouv,24.100000,0.000000,1.495902,0.000000,0.000000,0.000000,-0.303831,-0.080768
2026-07-03 22:00:00,43.000000,1.600000,,datagouv,22.400000,0.000000,1.196722,0.000000,0.000000,0.000000,-0.294482,-0.077580
2026-07-03 23:00:00,46.000000,1.800000,,datagouv,21.200000,0.000000,1.346312,0.000000,0.000000,0.000000,-0.290401,-0.074988
2026-07-04 00:00:00,49.000000,1.800000,,datagouv,20.300000,0.000000,1.346312,0.000000,0.000000,0.000000,-0.285975,-0.073039
2026-07-04 01:00:00,50.000000,2.900000,,datagouv,19.900000,0.000000,2.169058,0.000000,0.000000,0.000000,-0.284935,-0.070610
2026-07-04 02:00:00,50.000000,3.800000,,datagouv,19.700000,0.000000,2.842214,0.000000,0.000000,0.000000,-0.285560,-0.069094
2026-07-04 03:00:00,51.000000,3.400000,,datagouv,18.900000,0.000000,2.543034,0.000000,0.000000,0.000000,-0.285770,-0.068997
2026-07-04 04:00:00,53.000000,3.300000,,datagouv,18.000000,0.000000,2.468239,0.000000,0.181128,0.136070,-0.014210,0.004523
2026-07-04 05:00:00,53.000000,3.200000,,datagouv,18.100000,13.888889,2.393443,0.050000,0.909603,0.683330,0.031804,0.016769
2026-07-04 06:00:00,49.000000,3.900000,,datagouv,19.600000,133.333333,2.917009,0.480000,1.697899,1.275530,0.396070,0.120008
2026-07-04 07:00:00,39.000000,3.000000,,datagouv,22.700000,297.222222,2.243853,1.070000,2.461528,1.849199,0.852948,0.260476
2026-07-04 08:00:00,36.000000,3.100000,,datagouv,24.800000,477.777778,2.318648,1.720000,3.148450,2.365242,1.387725,0.431228
2026-07-04 09:00:00,28.000000,3.300000,,datagouv,26.600000,641.666667,2.468239,2.310000,3.711852,2.788492,1.869504,0.593682
2026-07-04 10:00:00,24.000000,3.100000,,datagouv,28.000000,783.333333,2.318648,2.820000,4.113339,3.090104,2.288095,0.737037
2026-07-04 11:00:00,19.000000,3.600000,,datagouv,29.100000,886.111111,2.692624,3.190000,4.325550,3.249526,2.573074,0.841042
2026-07-04 12:00:00,15.000000,3.700000,,datagouv,30.600000,941.666667,2.767419,3.390000,4.334024,3.255892,2.725065,0.906987
2026-07-04 13:00:00,15.000000,2.800000,,datagouv,31.300000,950.000000,2.094263,3.420000,4.138183,3.108769,2.753039,0.920287
2026-07-04 14:00:00,14.000000,3.700000,,datagouv,32.500000,902.777778,2.767419,3.250000,3.751374,2.818182,2.590284,0.881883
2026-07-04 15:00:00,14.000000,4.500000,,datagouv,32.200000,811.111111,3.365780,2.920000,3.199956,2.403935,2.286519,0.781409
2026-07-04 16:00:00,14.000000,3.400000,,datagouv,32.400000,683.333333,2.543034,2.460000,2.521508,1.894258,1.863427,0.638884
2026-07-04 17:00:00,14.000000,3.200000,,datagouv,32.700000,519.444444,2.393443,1.870000,1.762266,1.323884,1.320805,0.459755
2026-07-04 18:00:00,16.000000,3.200000,,datagouv,31.800000,341.666667,2.393443,1.230000,0.973969,0.731685,0.745385,0.265238
2026-07-04 19:00:00,19.000000,3.700000,,datagouv,30.200000,163.888889,2.767419,0.590000,0.226467,0.170131,0.173284,0.076158
2026-07-04 20:00:00,25.000000,1.900000,,datagouv,27.200000,0.000000,1.421107,0.000000,0.000000,0.000000,-0.344263,-0.094859
2026-07-04 21:00:00,30.000000,1.900000,,datagouv,25.100000,0.000000,1.421107,0.000000,0.000000,0.000000,-0.328375,-0.088291
2026-07-04 22:00:00,35.000000,1.600000,,datagouv,22.900000,0.000000,1.196722,0.000000,0.000000,0.000000,-0.316406,-0.083471
2026-07-04 23:00:00,39.000000,1.800000,,datagouv,21.600000,0.000000,1.346312,0.000000,0.000000,0.000000,-0.307754,-0.079447
2026-07-05 00:00:00,50.000000,2.700000,,datagouv,20.900000,0.000000,2.019468,0.000000,0.000000,0.000000,-0.281621,-0.071207
2026-07-05 01:00:00,56.000000,2.800000,,datagouv,20.600000,0.000000,2.094263,0.000000,0.000000,0.000000,-0.268972,-0.068162
2026-07-05 02:00:00,58.000000,2.900000,,datagouv,20.300000,0.000000,2.169058,0.000000,0.000000,0.000000,-0.265816,-0.067139
2026-07-05 03:00:00,61.000000,3.600000,,datagouv,19.700000,0.000000,2.692624,0.000000,0.000000,0.000000,-0.262000,-0.065028
2026-07-05 04:00:00,67.000000,2.300000,,datagouv,18.400000,0.000000,1.720287,0.000000,0.175547,0.131878,-0.012791,0.001432
2026-07-05 05:00:00,69.000000,2.600000,,datagouv,18.400000,13.888889,1.944673,0.050000,0.901952,0.677582,0.033392,0.013917
2026-07-05 06:00:00,63.000000,3.400000,,datagouv,20.500000,130.555556,2.543034,0.470000,1.690803,1.270199,0.394364,0.118029
2026-07-05 07:00:00,56.000000,3.300000,,datagouv,23.300000,294.444444,2.468239,1.060000,2.455123,1.844387,0.865794,0.264009
2026-07-05 08:00:00,52.000000,3.700000,,datagouv,25.300000,466.666667,2.767419,1.680000,3.142824,2.361015,1.388510,0.432449
2026-07-05 09:00:00,47.000000,2.800000,,datagouv,27.100000,633.333333,2.094263,2.280000,3.707041,2.784878,1.899152,0.601806
2026-07-05 10:00:00,41.000000,2.700000,,datagouv,28.700000,769.444444,2.019468,2.770000,4.109323,3.087088,2.311523,0.746457
2026-07-05 11:00:00,30.000000,2.500000,,datagouv,30.500000,872.222222,1.869878,3.140000,4.322256,3.247051,2.590437,0.855092
2026-07-05 12:00:00,26.000000,2.300000,,datagouv,31.800000,925.000000,1.720287,3.330000,4.331328,3.253866,2.736333,0.915977
2026-07-05 13:00:00,23.000000,2.300000,,datagouv,32.600000,930.555556,1.720287,3.350000,4.135920,3.107069,2.740785,0.925981
2026-07-05 14:00:00,21.000000,3.500000,,datagouv,33.400000,883.333333,2.617829,3.180000,3.749351,2.816663,2.574679,0.882514
2026-07-05 15:00:00,21.000000,2.700000,,datagouv,33.900000,794.444444,2.019468,2.860000,3.197964,2.402438,2.281697,0.785671
2026-07-05 16:00:00,20.000000,2.700000,,datagouv,34.000000,669.444444,2.019468,2.410000,2.519335,1.892625,1.861506,0.645078
2026-07-05 17:00:00,20.000000,3.800000,,datagouv,33.800000,511.111111,2.842214,1.840000,1.759711,1.321965,1.336576,0.470988
2026-07-05 18:00:00,20.000000,4.100000,,datagouv,33.200000,336.111111,3.066599,1.210000,0.970859,0.729348,0.755456,0.274811
2026-07-05 19:00:00,24.000000,3.800000,,datagouv,31.700000,166.666667,2.842214,0.600000,0.223554,0.167942,0.213705,0.089995
2026-07-05 20:00:00,30.000000,2.000000,,datagouv,28.900000,0.000000,1.495902,0.000000,0.000000,0.000000,-0.317980,-0.089007
2026-07-05 21:00:00,36.000000,2.300000,,datagouv,26.600000,0.000000,1.720287,0.000000,0.000000,0.000000,-0.302255,-0.082003
2026-07-05 22:00:00,42.000000,2.100000,,datagouv,24.900000,0.000000,1.570697,0.000000,0.000000,0.000000,-0.288609,-0.077524
2026-07-05 23:00:00,45.000000,2.100000,,datagouv,23.800000,0.000000,1.570697,0.000000,0.000000,0.000000,-0.283969,-0.075434
2026-07-06 00:00:00,49.000000,2.500000,,datagouv,22.700000,0.000000,1.869878,0.000000,0.000000,0.000000,-0.277407,-0.072219
2026-07-06 01:00:00,52.000000,3.000000,,datagouv,21.800000,0.000000,2.243853,0.000000,0.000000,0.000000,-0.273458,-0.069770
2026-07-06 02:00:00,56.000000,2.900000,,datagouv,20.700000,0.000000,2.169058,0.000000,0.000000,0.000000,-0.268571,-0.068019
2026-07-06 03:00:00,58.000000,2.800000,,datagouv,20.300000,0.000000,2.094263,0.000000,0.000000,0.000000,-0.265816,-0.067275
2026-07-06 04:00:00,62.000000,3.200000,,datagouv,19.400000,0.000000,2.393443,0.000000,0.169813,0.127570,-0.013061,0.003269
2026-07-06 05:00:00,61.000000,3.000000,,datagouv,19.700000,13.888889,2.243853,0.050000,0.893979,0.671593,0.032900,0.015974
2026-07-06 06:00:00,51.000000,2.100000,,datagouv,23.200000,130.555556,1.570697,0.470000,1.683430,1.264660,0.391419,0.122979
2026-07-06 07:00:00,42.000000,3.300000,,datagouv,26.700000,297.222222,2.468239,1.070000,2.448479,1.839395,0.862038,0.279508
2026-07-06 08:00:00,35.000000,3.500000,,datagouv,29.200000,472.222222,2.617829,1.700000,3.136990,2.356632,1.379432,0.456354
2026-07-06 09:00:00,31.000000,4.500000,,datagouv,30.900000,636.111111,3.365780,2.290000,3.702041,2.781122,1.873734,0.630690
2026-07-06 10:00:00,27.000000,3.800000,,datagouv,31.900000,780.555556,2.842214,2.810000,4.105126,3.083935,2.302086,0.778114
2026-07-06 11:00:00,18.000000,2.100000,,datagouv,34.400000,883.333333,1.570697,3.180000,4.318775,3.244436,2.567178,0.884722
2026-07-06 12:00:00,17.000000,4.500000,,datagouv,35.800000,936.111111,3.365780,3.370000,4.328427,3.251688,2.727965,0.960731
2026-07-06 13:00:00,15.000000,3.900000,,datagouv,35.900000,941.666667,2.917009,3.390000,4.133426,3.105195,2.730734,0.960938
2026-07-06 14:00:00,13.000000,3.000000,,datagouv,36.700000,894.444444,2.243853,3.220000,3.747060,2.814942,2.558278,0.905440
2026-07-06 15:00:00,13.000000,3.500000,,datagouv,36.700000,802.777778,2.617829,2.890000,3.195660,2.400707,2.254678,0.802463
2026-07-06 16:00:00,13.000000,3.000000,,datagouv,36.600000,675.000000,2.243853,2.430000,2.516802,1.890722,1.831356,0.653628
2026-07-06 17:00:00,12.000000,3.200000,,datagouv,36.600000,513.888889,2.393443,1.850000,1.756749,1.319740,1.288527,0.467225
2026-07-06 18:00:00,13.000000,3.900000,,datagouv,35.900000,338.888889,2.917009,1.220000,0.967298,0.726673,0.717372,0.270661
2026-07-06 19:00:00,15.000000,2.900000,,datagouv,34.200000,163.888889,2.169058,0.590000,0.220287,0.165488,0.152178,0.071041
2026-07-06 20:00:00,22.000000,2.000000,,datagouv,29.100000,0.000000,1.495902,0.000000,0.000000,0.000000,-0.355013,-0.099626
2026-07-06 21:00:00,28.000000,2.400000,,datagouv,25.600000,0.000000,1.795083,0.000000,0.000000,0.000000,-0.334917,-0.089240
2026-07-06 22:00:00,30.000000,2.400000,,datagouv,24.500000,0.000000,1.795083,0.000000,0.000000,0.000000,-0.329635,-0.086682
2026-07-06 23:00:00,29.000000,2.700000,,datagouv,24.600000,0.000000,2.019468,0.000000,0.000000,0.000000,-0.333072,-0.086895
2026-07-07 00:00:00,30.000000,1.900000,,datagouv,24.100000,0.000000,1.421107,0.000000,0.000000,0.000000,-0.330420,-0.087676
2026-07-07 01:00:00,31.000000,2.100000,,datagouv,23.800000,0.000000,1.570697,0.000000,0.000000,0.000000,-0.327523,-0.086104
2026-07-07 02:00:00,37.000000,1.900000,,datagouv,20.800000,0.000000,1.421107,0.000000,0.000000,0.000000,-0.315049,-0.079983
2026-07-07 03:00:00,38.000000,2.100000,,datagouv,20.300000,0.000000,1.570697,0.000000,0.000000,0.000000,-0.313330,-0.078568
2026-07-07 04:00:00,42.000000,1.800000,,datagouv,19.300000,0.000000,1.346312,0.000000,0.163941,0.123159,-0.015263,0.003679
2026-07-07 05:00:00,41.000000,1.500000,,datagouv,20.000000,11.111111,1.121927,0.040000,0.885690,0.665366,0.021490,0.013575
2026-07-07 06:00:00,32.000000,2.500000,,datagouv,24.600000,130.555556,1.869878,0.470000,1.675784,1.258916,0.382760,0.127214
2026-07-07 07:00:00,29.000000,2.800000,,datagouv,27.600000,297.222222,2.094263,1.070000,2.441600,1.834228,0.841695,0.278079
2026-07-07 08:00:00,24.000000,2.900000,,datagouv,31.200000,466.666667,2.169058,1.680000,3.130950,2.352095,1.336914,0.454204
2026-07-07 09:00:00,20.000000,2.200000,,datagouv,34.200000,636.111111,1.645492,2.290000,3.696854,2.777225,1.835761,0.635957
2026-07-07 10:00:00,14.000000,3.000000,,datagouv,36.400000,775.000000,2.243853,2.790000,4.100748,3.080646,2.221524,0.786680
2026-07-07 11:00:00,13.000000,2.700000,,datagouv,36.900000,877.777778,2.019468,3.160000,4.315106,3.241680,2.517066,0.891618
2026-07-07 12:00:00,12.000000,2.000000,,datagouv,37.500000,930.555556,1.495902,3.350000,4.325322,3.249355,2.669372,0.946771
2026-07-07 13:00:00,13.000000,2.800000,,datagouv,38.000000,933.333333,2.094263,3.360000,4.130697,3.103145,2.688886,0.960616
2026-07-07 14:00:00,13.000000,2.400000,,datagouv,38.500000,886.111111,1.795083,3.190000,3.744497,2.813016,2.533296,0.908459
2026-07-07 15:00:00,13.000000,4.500000,,datagouv,38.400000,788.888889,3.365780,2.840000,3.193039,2.398739,2.211129,0.803123
2026-07-07 16:00:00,15.000000,5.800000,,datagouv,38.100000,658.333333,4.338116,2.370000,2.513905,1.888546,1.796772,0.660567
2026-07-07 17:00:00,14.000000,5.600000,,datagouv,36.900000,502.777778,4.188526,1.810000,1.753377,1.317207,1.270316,0.470948
2026-07-07 18:00:00,14.000000,4.900000,,datagouv,36.300000,322.222222,3.664960,1.160000,0.963282,0.723656,0.671379,0.259405
2026-07-07 19:00:00,16.000000,4.100000,,datagouv,34.500000,150.000000,3.066599,0.540000,0.216673,0.162774,0.114188,0.062546
2026-07-07 20:00:00,20.000000,3.500000,,datagouv,31.400000,0.000000,2.617829,0.000000,0.000000,0.000000,-0.361691,-0.099006
2026-07-07 21:00:00,23.000000,3.100000,,datagouv,29.500000,0.000000,2.318648,0.000000,0.000000,0.000000,-0.349138,-0.095006
2026-07-07 22:00:00,31.000000,0.500000,,datagouv,25.300000,0.000000,0.373976,0.000000,0.000000,0.000000,-0.324244,-0.090963
2026-07-07 23:00:00,33.000000,0.500000,,datagouv,23.400000,0.000000,0.373976,0.000000,0.000000,0.000000,-0.321658,-0.087947
2026-07-08 00:00:00,52.000000,3.900000,,datagouv,22.800000,0.000000,2.917009,0.000000,0.000000,0.000000,-0.269290,-0.068149
2026-07-08 01:00:00,66.000000,1.200000,,datagouv,20.400000,0.000000,0.897541,0.000000,0.000000,0.000000,-0.248693,-0.065738
2026-07-08 02:00:00,73.000000,0.800000,,datagouv,18.000000,0.000000,0.598361,0.000000,0.000000,0.000000,-0.246877,-0.063550
2026-07-08 03:00:00,78.000000,1.300000,,datagouv,16.500000,0.000000,0.972336,0.000000,0.000000,0.000000,-0.245341,-0.061428
2026-07-08 04:00:00,79.000000,0.500000,,datagouv,17.400000,0.000000,0.373976,0.000000,0.157948,0.118657,-0.011982,-0.001289
2026-07-08 05:00:00,66.000000,2.400000,,datagouv,18.600000,13.888889,1.795083,0.050000,0.877089,0.658904,0.033159,0.014177
2026-07-08 06:00:00,60.000000,1.100000,,datagouv,21.400000,113.888889,0.822746,0.410000,1.667870,1.252970,0.353653,0.105813
2026-07-08 07:00:00,73.000000,2.300000,,datagouv,22.600000,269.444444,1.720287,0.970000,2.434490,1.828886,0.811201,0.240828
2026-07-08 08:00:00,64.000000,1.800000,,datagouv,24.500000,447.222222,1.346312,1.610000,3.124706,2.347404,1.348558,0.410257
2026-07-08 09:00:00,49.000000,2.100000,,datagouv,27.700000,608.333333,1.570697,2.190000,3.691480,2.773187,1.833656,0.584282
2026-07-08 10:00:00,35.000000,1.600000,,datagouv,30.800000,750.000000,1.196722,2.700000,4.096188,3.077220,2.243233,0.741552
2026-07-08 11:00:00,32.000000,1.900000,,datagouv,32.500000,852.777778,1.421107,3.070000,4.311249,3.238783,2.551105,0.859112
2026-07-08 12:00:00,28.000000,2.400000,,datagouv,34.200000,911.111111,1.795083,3.280000,4.322008,3.246865,2.710952,0.930485
2026-07-08 13:00:00,26.000000,2.500000,,datagouv,35.400000,913.888889,1.869878,3.290000,4.127731,3.100916,2.714115,0.943155
2026-07-08 14:00:00,25.000000,2.700000,,datagouv,35.400000,858.333333,2.019468,3.090000,3.741657,2.810883,2.523960,0.879083
2026-07-08 15:00:00,22.000000,3.700000,,datagouv,36.500000,775.000000,2.767419,2.790000,3.190098,2.396530,2.232934,0.791811
2026-07-08 16:00:00,27.000000,3.600000,,datagouv,35.900000,638.888889,2.692624,2.300000,2.510642,1.886094,1.811862,0.641299
2026-07-08 17:00:00,32.000000,4.800000,,datagouv,35.300000,475.000000,3.590165,1.710000,1.749590,1.314362,1.294583,0.463414
2026-07-08 18:00:00,30.000000,5.000000,,datagouv,34.200000,302.777778,3.739755,1.090000,0.958810,0.720296,0.707147,0.261287
2026-07-08 19:00:00,31.000000,4.200000,,datagouv,32.700000,141.666667,3.141395,0.510000,0.212722,0.159806,0.171260,0.076287
2026-07-08 20:00:00,54.000000,2.600000,,datagouv,28.400000,0.000000,1.944673,0.000000,0.000000,0.000000,-0.232542,-0.064549
2026-07-08 21:00:00,65.000000,3.600000,,datagouv,25.900000,0.000000,2.692624,0.000000,0.000000,0.000000,-0.218432,-0.059035
2026-07-08 22:00:00,75.000000,1.900000,,datagouv,24.000000,0.000000,1.421107,0.000000,0.000000,0.000000,-0.207986,-0.058070
2026-07-08 23:00:00,84.000000,0.800000,,datagouv,20.600000,0.000000,0.598361,0.000000,0.000000,0.000000,-0.213172,-0.058339
2026-07-09 00:00:00,91.000000,1.600000,,datagouv,19.200000,0.000000,1.196722,0.000000,0.000000,0.000000,-0.210134,-0.056555
2026-07-09 01:00:00,92.000000,1.300000,,datagouv,19.200000,0.000000,0.972336,0.000000,0.000000,0.000000,-0.208505,-0.056313
2026-07-09 02:00:00,54.000000,2.900000,,datagouv,21.300000,0.000000,2.169058,0.000000,0.000000,0.000000,-0.270710,-0.068948
2026-07-09 03:00:00,46.000000,2.900000,,datagouv,21.800000,0.000000,2.169058,0.000000,0.000000,0.000000,-0.288460,-0.073158
2026-07-09 04:00:00,49.000000,3.100000,,datagouv,21.000000,0.000000,2.318648,0.000000,0.151852,0.114077,-0.014184,0.005399
2026-07-09 05:00:00,47.000000,2.900000,,datagouv,21.400000,11.111111,2.169058,0.040000,0.868181,0.652212,0.022438,0.015942
2026-07-09 06:00:00,41.000000,3.400000,,datagouv,23.800000,116.666667,2.543034,0.420000,1.659691,1.246826,0.355432,0.117804
2026-07-09 07:00:00,35.000000,3.700000,,datagouv,27.200000,275.000000,2.767419,0.990000,2.427151,1.823373,0.794465,0.262883
2026-07-09 08:00:00,31.000000,3.100000,,datagouv,30.600000,447.222222,2.318648,1.610000,3.118260,2.342562,1.303658,0.439303
2026-07-09 09:00:00,28.000000,3.300000,,datagouv,32.900000,616.666667,2.468239,2.220000,3.685920,2.769011,1.813563,0.621918
2026-07-09 10:00:00,25.000000,5.200000,,datagouv,34.000000,755.555556,3.889346,2.720000,4.091446,3.073658,2.228136,0.775561
2026-07-09 11:00:00,26.000000,5.300000,,datagouv,34.900000,852.777778,3.964141,3.070000,4.307201,3.235742,2.531201,0.885511
2026-07-09 12:00:00,25.000000,4.400000,,datagouv,35.300000,908.333333,3.290985,3.270000,4.318483,3.244217,2.689119,0.940192
2026-07-09 13:00:00,25.000000,4.700000,,datagouv,35.500000,913.888889,3.515370,3.290000,4.124523,3.098506,2.708405,0.949553
2026-07-09 14:00:00,25.000000,4.700000,,datagouv,36.500000,863.888889,3.515370,3.110000,3.738538,2.808539,2.547451,0.902833
2026-07-09 15:00:00,25.000000,4.800000,,datagouv,36.300000,772.222222,3.590165,2.780000,3.186834,2.394077,2.242893,0.796646
2026-07-09 16:00:00,26.000000,5.500000,,datagouv,36.100000,641.666667,4.113731,2.310000,2.507007,1.883364,1.815881,0.650371
2026-07-09 17:00:00,25.000000,4.100000,,datagouv,36.100000,477.777778,3.066599,1.720000,1.745387,1.311204,1.266749,0.457306
2026-07-09 18:00:00,27.000000,4.900000,,datagouv,34.800000,297.222222,3.664960,1.070000,0.953877,0.716590,0.674865,0.252587
2026-07-09 19:00:00,28.000000,4.200000,,datagouv,33.600000,138.888889,3.141395,0.500000,0.208444,0.156591,0.150587,0.071021
2026-07-09 20:00:00,32.000000,3.100000,,datagouv,31.300000,0.000000,2.318648,0.000000,0.000000,0.000000,-0.299644,-0.082634
2026-07-09 21:00:00,34.000000,3.000000,,datagouv,29.300000,0.000000,2.243853,0.000000,0.000000,0.000000,-0.299536,-0.081605
2026-07-09 22:00:00,39.000000,2.900000,,datagouv,27.700000,0.000000,2.169058,0.000000,0.000000,0.000000,-0.287057,-0.077502
2026-07-09 23:00:00,40.000000,3.400000,,datagouv,27.400000,0.000000,2.543034,0.000000,0.000000,0.000000,-0.284817,-0.075586
2026-07-10 00:00:00,40.000000,3.300000,,datagouv,26.400000,0.000000,2.468239,0.000000,0.000000,0.000000,-0.289096,-0.076210
2026-07-10 01:00:00,40.000000,3.400000,,datagouv,26.000000,0.000000,2.543034,0.000000,0.000000,0.000000,-0.290709,-0.076096
2026-07-10 02:00:00,42.000000,2.900000,,datagouv,25.000000,0.000000,2.169058,0.000000,0.000000,0.000000,-0.288220,-0.075831
2026-07-10 03:00:00,44.000000,3.600000,,datagouv,24.100000,0.000000,2.692624,0.000000,0.000000,0.000000,-0.285691,-0.073124
2026-07-10 04:00:00,46.000000,3.600000,,datagouv,23.400000,0.000000,2.692624,0.000000,0.145669,0.109433,-0.014136,0.007322
2026-07-10 05:00:00,47.000000,3.000000,,datagouv,22.800000,11.111111,2.243853,0.040000,0.858972,0.645294,0.022686,0.016663
2026-07-10 06:00:00,43.000000,3.600000,,datagouv,25.000000,113.888889,2.692624,0.410000,1.651253,1.240487,0.349771,0.118312
2026-07-10 07:00:00,38.000000,5.000000,,datagouv,27.100000,269.444444,3.739755,0.970000,2.419588,1.817691,0.783797,0.261554
2026-07-10 08:00:00,35.000000,3.700000,,datagouv,28.800000,427.777778,2.767419,1.540000,3.111615,2.337570,1.256308,0.415421
2026-07-10 09:00:00,33.000000,4.000000,,datagouv,31.000000,608.333333,2.991804,2.190000,3.680175,2.764695,1.801556,0.605912
2026-07-10 10:00:00,28.000000,5.800000,,datagouv,33.100000,722.222222,4.338116,2.600000,4.086521,3.069958,2.144782,0.741441
2026-07-10 11:00:00,24.000000,3.900000,,datagouv,35.200000,858.333333,2.917009,3.090000,4.302961,3.232557,2.536258,0.885825
2026-07-10 12:00:00,22.000000,3.200000,,datagouv,36.200000,905.555556,2.393443,3.260000,4.314746,3.241409,2.664143,0.936281
2026-07-10 13:00:00,19.000000,2.300000,,datagouv,37.300000,916.666667,1.720287,3.300000,4.121071,3.095913,2.683212,0.949620
2026-07-10 14:00:00,19.000000,2.800000,,datagouv,37.700000,866.666667,2.094263,3.120000,3.735135,2.805983,2.518999,0.897502
2026-07-10 15:00:00,18.000000,2.900000,,datagouv,38.300000,780.555556,2.169058,2.810000,3.183241,2.391378,2.227857,0.800699
2026-07-10 16:00:00,16.000000,2.400000,,datagouv,38.400000,633.333333,1.795083,2.280000,2.502997,1.880351,1.723586,0.623125
2026-07-10 17:00:00,17.000000,2.800000,,datagouv,38.000000,502.777778,2.094263,1.810000,1.740762,1.307730,1.298601,0.473792
2026-07-10 18:00:00,18.000000,3.200000,,datagouv,37.900000,363.888889,2.393443,1.310000,0.948481,0.712537,0.846521,0.316780
2026-07-10 19:00:00,22.000000,2.300000,,datagouv,35.500000,116.666667,1.720287,0.420000,0.203848,0.153139,0.048683,0.033002
2026-07-10 20:00:00,26.000000,0.700000,,datagouv,32.800000,0.000000,0.523566,0.000000,0.000000,0.000000,-0.323658,-0.097876
2026-07-10 21:00:00,33.000000,0.000000,,datagouv,29.300000,0.000000,0.000000,0.000000,0.000000,0.000000,-0.303710,-0.090667
2026-07-10 22:00:00,41.000000,2.400000,,datagouv,26.000000,0.000000,1.795083,0.000000,0.000000,0.000000,-0.287409,-0.077487
2026-07-10 23:00:00,58.000000,8.400000,,datagouv,26.900000,0.000000,6.282789,0.000000,0.000000,0.000000,-0.230639,-0.054377
2026-07-11 00:00:00,50.000000,6.200000,,datagouv,25.200000,0.000000,4.637297,0.000000,0.000000,0.000000,-0.263479,-0.064090
2026-07-11 01:00:00,50.000000,0.700000,,datagouv,24.200000,0.000000,0.523566,0.000000,0.000000,0.000000,-0.268291,-0.074497
2026-07-11 02:00:00,57.000000,1.200000,,datagouv,22.100000,0.000000,0.897541,0.000000,0.000000,0.000000,-0.260236,-0.069843
2026-07-11 03:00:00,56.000000,1.800000,,datagouv,22.700000,0.000000,1.346312,0.000000,0.000000,0.000000,-0.259815,-0.069347
2026-07-11 04:00:00,59.000000,1.900000,,datagouv,21.900000,0.000000,1.421107,0.000000,0.139418,0.104736,-0.012827,0.002378
2026-07-11 05:00:00,55.000000,2.800000,,datagouv,23.200000,0.000000,2.094263,0.000000,0.849465,0.638152,-0.012995,0.004457
2026-07-11 06:00:00,58.000000,3.000000,,datagouv,23.600000,50.000000,2.243853,0.180000,1.642559,1.233956,0.153081,0.053413
2026-07-11 07:00:00,48.000000,3.800000,,datagouv,27.100000,275.000000,2.842214,0.990000,2.411802,1.811842,0.810181,0.264573
2026-07-11 08:00:00,47.000000,3.500000,,datagouv,28.400000,483.333333,2.617829,1.740000,3.104773,2.332430,1.432930,0.465940
2026-07-11 09:00:00,44.000000,2.600000,,datagouv,29.900000,608.333333,1.944673,2.190000,3.674247,2.760241,1.829320,0.601145
2026-07-11 10:00:00,38.000000,2.600000,,datagouv,31.500000,738.888889,1.944673,2.660000,4.081415,3.066122,2.223961,0.743134
2026-07-11 11:00:00,28.000000,1.400000,,datagouv,33.200000,836.111111,1.047132,3.010000,4.298529,3.229227,2.486536,0.843060
2026-07-11 12:00:00,30.000000,1.700000,,datagouv,34.300000,894.444444,1.271517,3.220000,4.310793,3.238440,2.669534,0.914874
2026-07-11 13:00:00,26.000000,1.800000,,datagouv,35.000000,891.666667,1.346312,3.210000,4.117371,3.093134,2.638672,0.911652
2026-07-11 14:00:00,23.000000,3.200000,,datagouv,36.100000,841.666667,2.393443,3.030000,3.731445,2.803211,2.458894,0.864618
2026-07-11 15:00:00,23.000000,3.000000,,datagouv,36.600000,763.888889,2.243853,2.750000,3.179315,2.388429,2.203415,0.779651
2026-07-11 16:00:00,21.000000,1.700000,,datagouv,37.000000,633.333333,1.271517,2.280000,2.498608,1.877054,1.758636,0.624199
2026-07-11 17:00:00,21.000000,1.400000,,datagouv,36.900000,436.111111,1.047132,1.570000,1.735713,1.303937,1.105047,0.396308
2026-07-11 18:00:00,21.000000,2.600000,,datagouv,36.200000,280.555556,1.944673,1.010000,0.942619,0.708133,0.587220,0.219840
2026-07-11 19:00:00,24.000000,2.800000,,datagouv,34.800000,130.555556,2.094263,0.470000,0.198948,0.149458,0.104837,0.053020
2026-07-11 20:00:00,30.000000,2.100000,,datagouv,31.100000,0.000000,1.570697,0.000000,0.000000,0.000000,-0.309897,-0.088224
2026-07-11 21:00:00,34.000000,2.700000,,datagouv,29.500000,0.000000,2.019468,0.000000,0.000000,0.000000,-0.298696,-0.082299
2026-07-11 22:00:00,38.000000,3.200000,,datagouv,28.900000,0.000000,2.393443,0.000000,0.000000,0.000000,-0.285328,-0.077092
2026-07-11 23:00:00,42.000000,1.900000,,datagouv,27.000000,0.000000,1.421107,0.000000,0.000000,0.000000,-0.279724,-0.077371
2026-07-12 00:00:00,45.000000,2.100000,,datagouv,25.900000,0.000000,1.570697,0.000000,0.000000,0.000000,-0.275060,-0.074935
2026-07-12 01:00:00,45.000000,3.900000,,datagouv,25.700000,0.000000,2.917009,0.000000,0.000000,0.000000,-0.275976,-0.071372
2026-07-12 02:00:00,50.000000,0.900000,,datagouv,23.200000,0.000000,0.673156,0.000000,0.000000,0.000000,-0.272733,-0.074354
2026-07-12 03:00:00,52.000000,2.200000,,datagouv,22.400000,0.000000,1.645492,0.000000,0.000000,0.000000,-0.271000,-0.071030
2026-07-12 04:00:00,49.000000,3.300000,,datagouv,23.300000,0.000000,2.468239,0.000000,0.133115,0.100001,-0.013748,0.006245
2026-07-12 05:00:00,51.000000,1.500000,,datagouv,22.600000,8.333333,1.121927,0.030000,0.839667,0.630791,0.013966,0.010772
2026-07-12 06:00:00,47.000000,2.600000,,datagouv,25.500000,113.888889,1.944673,0.410000,1.633613,1.227235,0.349844,0.116398
2026-07-12 07:00:00,38.000000,3.500000,,datagouv,28.600000,261.111111,2.617829,0.940000,2.403798,1.805829,0.763667,0.256814
2026-07-12 08:00:00,31.000000,2.800000,,datagouv,31.900000,436.111111,2.094263,1.570000,3.097736,2.327143,1.275229,0.435596
2026-07-12 09:00:00,30.000000,3.400000,,datagouv,33.200000,597.222222,2.543034,2.150000,3.668136,2.755650,1.766569,0.607971
2026-07-12 10:00:00,25.000000,3.600000,,datagouv,34.600000,744.444444,2.692624,2.680000,4.076125,3.062148,2.197624,0.764668
2026-07-12 11:00:00,23.000000,4.800000,,datagouv,36.200000,850.000000,3.590165,3.060000,4.293901,3.225750,2.509684,0.888354
2026-07-12 12:00:00,21.000000,4.000000,,datagouv,37.100000,902.777778,2.991804,3.250000,4.306622,3.235306,2.651428,0.942552
2026-07-12 13:00:00,20.000000,6.100000,,datagouv,38.200000,911.111111,4.562502,3.280000,4.113420,3.090166,2.675882,0.968074
2026-07-12 14:00:00,19.000000,6.400000,,datagouv,38.700000,858.333333,4.786887,3.090000,3.727464,2.800220,2.495094,0.910115
2026-07-12 15:00:00,18.000000,5.600000,,datagouv,39.300000,719.444444,4.188526,2.590000,3.175054,2.385228,2.029022,0.747379
2026-07-12 16:00:00,19.000000,5.500000,,datagouv,38.900000,591.666667,4.113731,2.130000,2.493837,1.873470,1.612673,0.597598
2026-07-12 17:00:00,20.000000,6.200000,,datagouv,38.000000,344.444444,4.637297,1.240000,1.730236,1.299823,0.819568,0.318067
2026-07-12 18:00:00,20.000000,7.100000,,datagouv,38.000000,291.666667,5.310453,1.050000,0.936290,0.703379,0.623487,0.252826
2026-07-12 19:00:00,20.000000,6.800000,,datagouv,36.500000,97.222222,5.086067,0.350000,0.193757,0.145558,-0.026051,0.024106
2026-07-12 20:00:00,21.000000,5.400000,,datagouv,34.700000,0.000000,4.038936,0.000000,0.000000,0.000000,-0.347074,-0.090783
2026-07-12 21:00:00,22.000000,5.300000,,datagouv,33.400000,0.000000,3.964141,0.000000,0.000000,0.000000,-0.344743,-0.089732
2026-07-12 22:00:00,23.000000,5.800000,,datagouv,32.700000,0.000000,4.338116,0.000000,0.000000,0.000000,-0.340911,-0.086640
2026-07-12 23:00:00,24.000000,6.900000,,datagouv,32.000000,0.000000,5.160862,0.000000,0.000000,0.000000,-0.337390,-0.081833
2026-07-13 00:00:00,25.000000,7.000000,,datagouv,31.500000,0.000000,5.235658,0.000000,0.000000,0.000000,-0.333532,-0.080295
2026-07-13 01:00:00,28.000000,4.000000,,datagouv,30.200000,0.000000,2.991804,0.000000,0.000000,0.000000,-0.322717,-0.085684
2026-07-13 02:00:00,32.000000,2.300000,,datagouv,28.200000,0.000000,1.720287,0.000000,0.000000,0.000000,-0.311936,-0.085937
2026-07-13 03:00:00,39.000000,2.600000,,datagouv,25.400000,0.000000,1.944673,0.000000,0.000000,0.000000,-0.296283,-0.078771
2026-07-13 04:00:00,40.000000,3.300000,,datagouv,25.200000,0.000000,2.468239,0.000000,0.126779,0.095241,-0.014689,0.008170
2026-07-13 05:00:00,46.000000,3.000000,,datagouv,23.400000,5.555556,2.243853,0.020000,0.829581,0.623215,0.004264,0.011617
2026-07-13 06:00:00,42.000000,2.000000,,datagouv,25.500000,97.222222,1.495902,0.350000,1.624419,1.220329,0.307689,0.103215
2026-07-13 07:00:00,61.000000,4.600000,,datagouv,26.200000,241.666667,3.440575,0.870000,2.395579,1.799654,0.731713,0.235287
2026-07-13 08:00:00,52.000000,4.900000,,datagouv,27.300000,402.777778,3.664960,1.450000,3.090505,2.321711,1.212741,0.391995
2026-07-13 09:00:00,42.000000,4.900000,,datagouv,29.500000,566.666667,3.664960,2.040000,3.661842,2.750922,1.702931,0.563403
2026-07-13 10:00:00,41.000000,4.600000,,datagouv,30.700000,691.666667,3.440575,2.490000,4.070652,3.058037,2.092969,0.697990
2026-07-13 11:00:00,43.000000,4.800000,,datagouv,30.000000,608.333333,3.590165,2.190000,4.289076,3.222126,1.867016,0.619249
2026-07-13 12:00:00,43.000000,7.000000,,datagouv,32.000000,805.555556,5.235658,2.900000,4.302230,3.232007,2.454653,0.832730
2026-07-13 13:00:00,47.000000,7.000000,,datagouv,29.600000,494.444444,5.235658,1.780000,4.109215,3.087007,1.531296,0.511905
2026-07-13 14:00:00,54.000000,4.800000,,datagouv,29.400000,377.777778,3.590165,1.360000,3.723187,2.797007,1.182110,0.392110
2026-07-13 15:00:00,48.000000,4.800000,,datagouv,30.700000,722.222222,3.590165,2.600000,3.170453,2.381771,2.154862,0.716544
2026-07-13 16:00:00,42.000000,4.900000,,datagouv,30.900000,488.888889,3.664960,1.760000,2.488679,1.869595,1.380836,0.467755
2026-07-13 17:00:00,43.000000,5.000000,,datagouv,31.000000,455.555556,3.739755,1.640000,1.724329,1.295385,1.254547,0.426990
2026-07-13 18:00:00,46.000000,5.000000,,datagouv,29.700000,261.111111,3.739755,0.940000,0.929491,0.698270,0.613709,0.213466
2026-07-13 19:00:00,51.000000,5.300000,,datagouv,27.900000,100.000000,3.964141,0.360000,0.188288,0.141449,0.085864,0.041669
2026-07-13 20:00:00,62.000000,3.900000,,datagouv,26.200000,0.000000,2.917009,0.000000,0.000000,0.000000,-0.224271,-0.059960
2026-07-13 21:00:00,72.000000,3.300000,,datagouv,24.300000,0.000000,2.468239,0.000000,0.000000,0.000000,-0.212630,-0.057846
2026-07-13 22:00:00,80.000000,2.900000,,datagouv,22.900000,0.000000,2.169058,0.000000,0.000000,0.000000,-0.205213,-0.056365
2026-07-13 23:00:00,85.000000,2.800000,,datagouv,22.000000,0.000000,2.094263,0.000000,0.000000,0.000000,-0.201762,-0.055535
2026-07-14 00:00:00,90.000000,2.700000,,datagouv,20.600000,0.000000,2.019468,0.000000,0.000000,0.000000,-0.202500,-0.055354
2026-07-14 01:00:00,90.000000,1.400000,,datagouv,18.900000,0.000000,1.047132,0.000000,0.000000,0.000000,-0.213646,-0.057133
2026-07-14 02:00:00,94.000000,2.100000,,datagouv,19.600000,0.000000,1.570697,0.000000,0.000000,0.000000,-0.202595,-0.055182
2026-07-14 03:00:00,94.000000,0.700000,,datagouv,18.800000,0.000000,0.523566,0.000000,0.000000,0.000000,-0.207878,-0.056071
2026-07-14 04:00:00,95.000000,1.600000,,datagouv,18.700000,0.000000,1.196722,0.000000,0.120425,0.090468,-0.010348,-0.002178
2026-07-14 05:00:00,96.000000,1.200000,,datagouv,18.900000,8.333333,0.897541,0.030000,0.819214,0.615426,0.017396,0.005214
2026-07-14 06:00:00,93.000000,2.000000,,datagouv,20.000000,100.000000,1.495902,0.360000,1.614983,1.213240,0.321007,0.090491
2026-07-14 07:00:00,90.000000,2.200000,,datagouv,21.000000,144.444444,1.645492,0.520000,2.387146,1.793320,0.468416,0.134445
2026-07-14 08:00:00,75.000000,1.700000,,datagouv,24.200000,363.888889,1.271517,1.310000,3.083083,2.316135,1.119786,0.338289
2026-07-14 09:00:00,60.000000,1.900000,,datagouv,27.000000,569.444444,1.421107,2.050000,3.655366,2.746057,1.738479,0.547093
2026-07-14 10:00:00,50.000000,1.500000,,datagouv,29.700000,694.444444,1.121927,2.500000,4.064994,3.053786,2.121095,0.690158
2026-07-14 11:00:00,38.000000,2.000000,,datagouv,31.600000,744.444444,1.495902,2.680000,4.284053,3.218352,2.255583,0.752820
2026-07-14 12:00:00,33.000000,2.200000,,datagouv,32.700000,775.000000,1.645492,2.790000,4.297614,3.228540,2.331532,0.788565
2026-07-14 13:00:00,24.000000,3.100000,,datagouv,33.800000,847.222222,2.318648,3.050000,4.104753,3.083654,2.479517,0.852047
2026-07-14 14:00:00,24.000000,2.200000,,datagouv,34.400000,738.888889,1.645492,2.660000,3.718612,2.793570,2.139320,0.739112
2026-07-14 15:00:00,26.000000,2.600000,,datagouv,34.600000,672.222222,1.944673,2.420000,3.165507,2.378056,1.910087,0.663734
2026-07-14 16:00:00,30.000000,3.000000,,datagouv,34.500000,538.888889,2.243853,1.940000,2.483132,1.865428,1.490714,0.521396
2026-07-14 17:00:00,34.000000,3.900000,,datagouv,34.000000,455.555556,2.917009,1.640000,1.717988,1.290621,1.232891,0.433525
2026-07-14 18:00:00,35.000000,3.900000,,datagouv,33.100000,288.888889,2.917009,1.040000,0.922218,0.692807,0.680528,0.244776
2026-07-14 19:00:00,37.000000,3.700000,,datagouv,31.800000,133.333333,2.767419,0.480000,0.182557,0.137144,0.167097,0.071121
2026-07-14 20:00:00,44.000000,3.800000,,datagouv,29.500000,0.000000,2.842214,0.000000,0.000000,0.000000,-0.259600,-0.069364
2026-07-14 21:00:00,48.000000,3.100000,,datagouv,27.800000,0.000000,2.318648,0.000000,0.000000,0.000000,-0.255627,-0.069178
2026-07-14 22:00:00,54.000000,1.200000,,datagouv,26.000000,0.000000,0.897541,0.000000,0.000000,0.000000,-0.247704,-0.069703
2026-07-14 23:00:00,64.000000,1.300000,,datagouv,22.400000,0.000000,0.972336,0.000000,0.000000,0.000000,-0.242660,-0.065829
2026-07-15 00:00:00,56.000000,2.000000,,datagouv,24.700000,0.000000,1.495902,0.000000,0.000000,0.000000,-0.249561,-0.068023
2026-07-15 01:00:00,52.000000,1.700000,,datagouv,24.500000,0.000000,1.271517,0.000000,0.000000,0.000000,-0.261373,-0.071251
2026-07-15 02:00:00,51.000000,2.100000,,datagouv,24.000000,0.000000,1.570697,0.000000,0.000000,0.000000,-0.266498,-0.071423
2026-07-15 03:00:00,50.000000,1.200000,,datagouv,24.100000,0.000000,0.897541,0.000000,0.000000,0.000000,-0.268751,-0.073637
2026-07-15 04:00:00,57.000000,1.800000,,datagouv,23.300000,0.000000,1.346312,0.000000,0.114073,0.085697,-0.012721,0.002678
2026-07-15 05:00:00,66.000000,3.000000,,datagouv,22.600000,0.000000,2.243853,0.000000,0.808569,0.607430,-0.011853,0.002951
2026-07-15 06:00:00,61.000000,3.900000,,datagouv,23.700000,36.111111,2.917009,0.130000,1.605307,1.205971,0.107477,0.040637
2026-07-15 07:00:00,66.000000,6.700000,,datagouv,23.300000,66.666667,5.011272,0.240000,2.378505,1.786828,0.209152,0.072536
2026-07-15 08:00:00,56.000000,4.400000,,datagouv,25.400000,136.111111,3.290985,0.490000,3.075471,2.310417,0.438520,0.144417
2026-07-15 09:00:00,52.000000,3.800000,,datagouv,27.600000,258.333333,2.842214,0.930000,3.648708,2.741055,0.829234,0.271369
2026-07-15 10:00:00,53.000000,4.200000,,datagouv,28.300000,430.555556,3.141395,1.550000,4.059151,3.049397,1.346525,0.437911
2026-07-15 11:00:00,40.000000,2.600000,,datagouv,30.400000,755.555556,1.944673,2.720000,4.278829,3.214428,2.288651,0.754470
2026-07-15 12:00:00,31.000000,2.200000,,datagouv,33.400000,758.333333,1.645492,2.730000,4.292772,3.224902,2.278131,0.776830
2026-07-15 13:00:00,30.000000,2.500000,,datagouv,35.000000,911.111111,1.869878,3.280000,4.100028,3.080105,2.726203,0.942826
2026-07-15 14:00:00,35.000000,5.200000,,datagouv,33.700000,650.000000,3.889346,2.340000,3.713734,2.789905,1.939441,0.672930
2026-07-15 15:00:00,33.000000,6.100000,,datagouv,32.400000,691.666667,4.562502,2.490000,3.160214,2.374079,2.001153,0.687437
2026-07-15 16:00:00,27.000000,5.300000,,datagouv,33.500000,611.111111,3.964141,2.200000,2.477190,1.860964,1.708654,0.597087
2026-07-15 17:00:00,30.000000,5.200000,,datagouv,32.500000,461.111111,3.889346,1.660000,1.711209,1.285529,1.223306,0.428465
2026-07-15 18:00:00,33.000000,4.700000,,datagouv,31.700000,261.111111,3.515370,0.940000,0.914472,0.686988,0.571671,0.207942
2026-07-15 19:00:00,36.000000,3.500000,,datagouv,29.800000,50.000000,2.617829,0.180000,0.176582,0.132655,-0.123469,-0.024510
2026-07-15 20:00:00,51.000000,5.500000,,datagouv,26.700000,0.000000,4.113731,0.000000,0.000000,0.000000,-0.252496,-0.063500
2026-07-15 21:00:00,58.000000,5.400000,,datagouv,25.000000,0.000000,4.038936,0.000000,0.000000,0.000000,-0.242558,-0.061336
2026-07-15 22:00:00,58.000000,5.500000,,datagouv,24.700000,0.000000,4.113731,0.000000,0.000000,0.000000,-0.244300,-0.061464
2026-07-15 23:00:00,54.000000,4.400000,,datagouv,24.900000,0.000000,3.290985,0.000000,0.000000,0.000000,-0.253850,-0.065189
2026-07-16 00:00:00,57.000000,2.200000,,datagouv,24.200000,0.000000,1.645492,0.000000,0.000000,0.000000,-0.249686,-0.067432
2026-07-16 01:00:00,65.000000,1.200000,,datagouv,22.100000,0.000000,0.897541,0.000000,0.000000,0.000000,-0.242069,-0.065592
2026-07-16 02:00:00,70.000000,1.100000,,datagouv,20.800000,0.000000,0.822746,0.000000,0.000000,0.000000,-0.238601,-0.063922
2026-07-16 03:00:00,74.000000,2.400000,,datagouv,19.900000,0.000000,1.795083,0.000000,0.000000,0.000000,-0.235691,-0.061489
2026-07-16 04:00:00,73.000000,1.000000,,datagouv,20.100000,0.000000,0.747951,0.000000,0.107740,0.080939,-0.011825,-0.000260
2026-07-16 05:00:00,77.000000,2.800000,,datagouv,19.300000,0.000000,2.094263,0.000000,0.797653,0.599229,-0.011671,0.000643
2026-07-16 06:00:00,69.000000,2.500000,,datagouv,21.800000,97.222222,1.869878,0.350000,1.595396,1.198525,0.310244,0.094436
2026-07-16 07:00:00,67.000000,3.000000,,datagouv,22.600000,88.888889,2.243853,0.320000,2.369656,1.780181,0.282658,0.088586
2026-07-16 08:00:00,58.000000,2.400000,,datagouv,24.800000,183.333333,1.795083,0.660000,3.067670,2.304557,0.595014,0.186768
2026-07-16 09:00:00,51.000000,3.000000,,datagouv,26.800000,333.333333,2.243853,1.200000,3.641869,2.735918,1.043004,0.333493
2026-07-16 10:00:00,57.000000,1.200000,,datagouv,25.900000,77.777778,0.897541,0.280000,4.053122,3.044868,0.245607,0.081060
2026-07-16 11:00:00,46.000000,3.400000,,datagouv,29.100000,416.666667,2.543034,1.500000,4.273403,3.210351,1.308467,0.430327
2026-07-16 12:00:00,45.000000,3.600000,,datagouv,29.900000,544.444444,2.692624,1.960000,4.287700,3.221092,1.683683,0.556185
2026-07-16 13:00:00,49.000000,3.800000,,datagouv,29.100000,425.000000,2.842214,1.530000,4.095039,3.076357,1.329065,0.437014
2026-07-16 14:00:00,39.000000,3.500000,,datagouv,31.600000,675.000000,2.617829,2.430000,3.708549,2.786010,2.014667,0.677216
2026-07-16 15:00:00,53.000000,1.500000,,datagouv,28.300000,350.000000,1.121927,1.260000,3.154569,2.369838,1.072262,0.346274
2026-07-16 16:00:00,56.000000,2.200000,,datagouv,29.400000,347.222222,1.645492,1.250000,2.470852,1.856203,1.027590,0.337483
2026-07-16 17:00:00,42.000000,1.500000,,datagouv,30.700000,341.666667,1.121927,1.230000,1.703992,1.280107,0.885276,0.297422
2026-07-16 18:00:00,48.000000,4.000000,,datagouv,29.400000,252.777778,2.991804,0.910000,0.906249,0.680810,0.591328,0.202848
2026-07-16 19:00:00,56.000000,5.700000,,datagouv,26.700000,102.777778,4.263321,0.370000,0.170378,0.127995,0.102701,0.045316
2026-07-16 20:00:00,61.000000,4.000000,,datagouv,25.600000,0.000000,2.991804,0.000000,0.000000,0.000000,-0.230931,-0.061147
2026-07-16 21:00:00,71.000000,2.700000,,datagouv,23.400000,0.000000,2.019468,0.000000,0.000000,0.000000,-0.221017,-0.059971
2026-07-16 22:00:00,80.000000,2.500000,,datagouv,22.200000,0.000000,1.869878,0.000000,0.000000,0.000000,-0.210118,-0.057440
2026-07-16 23:00:00,89.000000,3.200000,,datagouv,21.300000,0.000000,2.393443,0.000000,0.000000,0.000000,-0.199338,-0.054764
2026-07-17 00:00:00,92.000000,4.300000,,datagouv,20.900000,0.000000,3.216190,0.000000,0.000000,0.000000,-0.196873,-0.053967
2026-07-17 01:00:00,92.000000,4.000000,,datagouv,21.200000,0.000000,2.991804,0.000000,0.000000,0.000000,-0.194681,-0.053700
2026-07-17 02:00:00,91.000000,3.200000,,datagouv,21.300000,0.000000,2.393443,0.000000,0.000000,0.000000,-0.195730,-0.054114
2026-07-17 03:00:00,92.000000,1.600000,,datagouv,21.200000,0.000000,1.196722,0.000000,0.000000,0.000000,-0.194681,-0.054339
2026-07-17 04:00:00,95.000000,2.500000,,datagouv,21.000000,0.000000,1.869878,0.000000,0.101442,0.076207,-0.009545,-0.001884
2026-07-17 05:00:00,92.000000,2.500000,,datagouv,21.400000,0.000000,1.869878,0.000000,0.786469,0.590827,-0.009660,-0.001428
2026-07-17 06:00:00,91.000000,3.900000,,datagouv,21.600000,75.000000,2.917009,0.270000,1.585253,1.190906,0.238725,0.070356
2026-07-17 07:00:00,84.000000,4.700000,,datagouv,22.700000,194.444444,3.515370,0.700000,2.360604,1.773380,0.607680,0.181328
2026-07-17 08:00:00,80.000000,4.400000,,datagouv,23.800000,286.111111,3.290985,1.030000,3.059683,2.298556,0.896975,0.271231
2026-07-17 09:00:00,66.000000,3.600000,,datagouv,25.500000,488.888889,2.692624,1.760000,3.634849,2.730644,1.505461,0.466023
2026-07-17 10:00:00,59.000000,4.200000,,datagouv,27.100000,661.111111,3.141395,2.380000,4.046906,3.040198,2.029561,0.642179
2026-07-17 11:00:00,56.000000,4.300000,,datagouv,27.200000,677.777778,3.216190,2.440000,4.267772,3.206121,2.085968,0.661548
2026-07-17 12:00:00,48.000000,5.700000,,datagouv,29.100000,605.555556,4.263321,2.180000,4.282396,3.217107,1.865653,0.612501
2026-07-17 13:00:00,47.000000,6.400000,,datagouv,29.800000,811.111111,4.786887,2.920000,4.089781,3.072407,2.456086,0.809690
2026-07-17 14:00:00,44.000000,6.400000,,datagouv,30.100000,880.555556,4.786887,3.170000,3.703053,2.781882,2.660399,0.879680
2026-07-17 15:00:00,46.000000,6.100000,,datagouv,29.000000,694.444444,4.562502,2.500000,3.148568,2.365330,2.044628,0.670316
2026-07-17 16:00:00,45.000000,5.700000,,datagouv,28.100000,608.333333,4.263321,2.190000,2.464113,1.851140,1.750815,0.569541
2026-07-17 17:00:00,50.000000,3.900000,,datagouv,27.200000,383.333333,2.917009,1.380000,1.696332,1.274352,1.016904,0.329085
2026-07-17 18:00:00,52.000000,3.200000,,datagouv,26.300000,258.333333,2.393443,0.930000,0.897548,0.674274,0.603813,0.196101
2026-07-17 19:00:00,64.000000,5.500000,,datagouv,24.500000,127.777778,4.113731,0.460000,0.163965,0.123177,0.192885,0.068193
2026-07-17 20:00:00,69.000000,3.600000,,datagouv,23.200000,0.000000,2.692624,0.000000,0.000000,0.000000,-0.226765,-0.060148
2026-07-17 21:00:00,78.000000,1.700000,,datagouv,22.000000,0.000000,1.271517,0.000000,0.000000,0.000000,-0.215449,-0.059053
2026-07-17 22:00:00,86.000000,2.900000,,datagouv,20.500000,0.000000,2.169058,0.000000,0.000000,0.000000,-0.210234,-0.056663
2026-07-17 23:00:00,89.000000,2.700000,,datagouv,19.700000,0.000000,2.019468,0.000000,0.000000,0.000000,-0.210246,-0.056458
2026-07-18 00:00:00,90.000000,0.600000,,datagouv,18.400000,0.000000,0.448771,0.000000,0.000000,0.000000,-0.216683,-0.057663
2026-07-18 01:00:00,82.000000,1.100000,,datagouv,18.200000,0.000000,0.822746,0.000000,0.000000,0.000000,-0.230724,-0.060187
2026-07-18 02:00:00,86.000000,0.000000,,datagouv,16.000000,0.000000,0.000000,0.000000,0.000000,0.000000,-0.235563,-0.059677
2026-07-18 03:00:00,95.000000,1.000000,,datagouv,16.700000,0.000000,0.747951,0.000000,0.000000,0.000000,-0.218988,-0.056739
2026-07-18 04:00:00,97.000000,1.200000,,datagouv,15.900000,0.000000,0.897541,0.000000,0.095197,0.071516,-0.011030,-0.002516
2026-07-18 05:00:00,97.000000,0.600000,,datagouv,15.300000,5.555556,0.448771,0.020000,0.775024,0.582229,0.007212,0.002093
2026-07-18 06:00:00,95.000000,0.500000,,datagouv,17.500000,91.666667,0.373976,0.330000,1.574884,1.183116,0.292881,0.078288
2026-07-18 07:00:00,80.000000,1.700000,,datagouv,20.600000,241.666667,1.271517,0.870000,2.351351,1.766429,0.730964,0.208682
2026-07-18 08:00:00,69.000000,1.100000,,datagouv,22.800000,411.111111,0.822746,1.480000,3.051511,2.292417,1.242036,0.366938
2026-07-18 09:00:00,59.000000,1.200000,,datagouv,25.500000,577.777778,0.897541,2.080000,3.627649,2.725235,1.752432,0.539184
2026-07-18 10:00:00,50.000000,1.900000,,datagouv,27.200000,722.222222,1.421107,2.600000,4.040501,3.035386,2.188236,0.690416
2026-07-18 11:00:00,46.000000,2.000000,,datagouv,27.800000,805.555556,1.495902,2.900000,4.261934,3.201735,2.439121,0.775583
2026-07-18 12:00:00,40.000000,2.800000,,datagouv,28.800000,672.222222,2.094263,2.420000,4.276856,3.212945,2.040877,0.661718
2026-07-18 13:00:00,37.000000,1.400000,,datagouv,29.900000,527.777778,1.047132,1.900000,4.084250,3.068252,1.609740,0.528750
2026-07-18 14:00:00,37.000000,4.500000,,datagouv,29.200000,522.222222,3.365780,1.880000,3.697243,2.777517,1.567330,0.518442
2026-07-18 15:00:00,32.000000,3.300000,,datagouv,31.100000,722.222222,2.468239,2.600000,3.142208,2.360552,2.091462,0.699688
2026-07-18 16:00:00,31.000000,4.200000,,datagouv,30.700000,472.222222,3.141395,1.700000,2.456970,1.845774,1.289869,0.438404
2026-07-18 17:00:00,29.000000,3.100000,,datagouv,30.800000,469.444444,2.318648,1.690000,1.688227,1.268263,1.238969,0.419703
2026-07-18 18:00:00,30.000000,3.600000,,datagouv,30.000000,255.555556,2.692624,0.920000,0.888367,0.667377,0.532261,0.188830
2026-07-18 19:00:00,26.000000,2.900000,,datagouv,29.200000,133.333333,2.169058,0.480000,0.157363,0.118218,0.106430,0.049716
2026-07-18 20:00:00,27.000000,1.400000,,datagouv,27.100000,0.000000,1.047132,0.000000,0.000000,0.000000,-0.335815,-0.093826
2026-07-18 21:00:00,43.000000,1.200000,,datagouv,23.600000,0.000000,0.897541,0.000000,0.000000,0.000000,-0.290445,-0.078614
2026-07-18 22:00:00,48.000000,1.000000,,datagouv,20.800000,0.000000,0.747951,0.000000,0.000000,0.000000,-0.286749,-0.075112
2026-07-18 23:00:00,53.000000,0.800000,,datagouv,19.400000,0.000000,0.598361,0.000000,0.000000,0.000000,-0.279899,-0.072263
2026-07-19 00:00:00,50.000000,3.400000,,datagouv,22.500000,0.000000,2.543034,0.000000,0.000000,0.000000,-0.275631,-0.070107
2026-07-19 01:00:00,54.000000,4.300000,,datagouv,22.100000,0.000000,3.216190,0.000000,0.000000,0.000000,-0.267375,-0.066681
2026-07-19 02:00:00,57.000000,4.000000,,datagouv,21.500000,0.000000,2.991804,0.000000,0.000000,0.000000,-0.262945,-0.065905
2026-07-19 03:00:00,58.000000,4.200000,,datagouv,21.100000,0.000000,3.141395,0.000000,0.000000,0.000000,-0.262442,-0.065274
2026-07-19 04:00:00,61.000000,4.600000,,datagouv,20.300000,0.000000,3.440575,0.000000,0.089022,0.066877,-0.012972,0.005354
2026-07-19 05:00:00,66.000000,4.800000,,datagouv,19.200000,0.000000,3.590165,0.000000,0.763321,0.573437,-0.012712,0.004347
2026-07-19 06:00:00,65.000000,6.000000,,datagouv,19.600000,83.333333,4.487706,0.300000,1.564291,1.175158,0.263279,0.082350
2026-07-19 07:00:00,61.000000,6.300000,,datagouv,20.500000,236.111111,4.712092,0.850000,2.341899,1.759328,0.703851,0.209157
2026-07-19 08:00:00,57.000000,6.500000,,datagouv,21.800000,405.555556,4.861682,1.460000,3.043155,2.286139,1.209217,0.360808
2026-07-19 09:00:00,52.000000,6.000000,,datagouv,23.200000,575.000000,4.487706,2.070000,3.620267,2.719689,1.723151,0.521158
2026-07-19 10:00:00,48.000000,5.900000,,datagouv,24.600000,716.666667,4.412911,2.580000,4.033907,3.030432,2.156131,0.663730
2026-07-19 11:00:00,43.000000,6.500000,,datagouv,25.900000,827.777778,4.861682,2.980000,4.255886,3.197192,2.486039,0.780261
2026-07-19 12:00:00,41.000000,6.600000,,datagouv,26.200000,855.555556,4.936477,3.080000,4.271077,3.208604,2.562526,0.807971
2026-07-19 13:00:00,38.000000,6.000000,,datagouv,27.600000,891.666667,4.487706,3.210000,4.078444,3.063890,2.662080,0.854285
2026-07-19 14:00:00,34.000000,6.200000,,datagouv,28.100000,858.333333,4.637297,3.090000,3.691114,2.772913,2.538518,0.822715
2026-07-19 15:00:00,31.000000,6.100000,,datagouv,28.200000,772.222222,4.562502,2.780000,3.135485,2.355502,2.241554,0.730740
2026-07-19 16:00:00,29.000000,6.300000,,datagouv,28.300000,638.888889,4.712092,2.300000,2.449420,1.840102,1.791823,0.590698
2026-07-19 17:00:00,28.000000,5.400000,,datagouv,27.800000,480.555556,4.038936,1.730000,1.679674,1.261839,1.261741,0.418176
2026-07-19 18:00:00,27.000000,5.600000,,datagouv,27.300000,305.555556,4.188526,1.100000,0.878705,0.660118,0.676637,0.233614
2026-07-19 19:00:00,28.000000,5.300000,,datagouv,26.000000,138.888889,3.964141,0.500000,0.150592,0.113131,0.125902,0.059348
2026-07-19 20:00:00,30.000000,4.600000,,datagouv,24.300000,0.000000,3.440575,0.000000,0.000000,0.000000,-0.330033,-0.081056
2026-07-19 21:00:00,32.000000,5.000000,,datagouv,23.100000,0.000000,3.739755,0.000000,0.000000,0.000000,-0.325543,-0.077938
2026-07-19 22:00:00,36.000000,6.900000,,datagouv,22.100000,0.000000,5.160862,0.000000,0.000000,0.000000,-0.315181,-0.070692
2026-07-19 23:00:00,38.000000,6.300000,,datagouv,21.100000,0.000000,4.712092,0.000000,0.000000,0.000000,-0.311674,-0.070507
2026-07-20 00:00:00,43.000000,5.800000,,datagouv,19.800000,0.000000,4.338116,0.000000,0.000000,0.000000,-0.301694,-0.068613
2026-07-20 01:00:00,45.000000,6.100000,,datagouv,19.000000,0.000000,4.562502,0.000000,0.000000,0.000000,-0.298857,-0.066909
2026-07-20 02:00:00,48.000000,5.000000,,datagouv,17.900000,0.000000,3.739755,0.000000,0.000000,0.000000,-0.294828,-0.067074
2026-07-20 03:00:00,51.000000,5.800000,,datagouv,17.200000,0.000000,4.338116,0.000000,0.000000,0.000000,-0.290336,-0.064504
2026-07-20 04:00:00,55.000000,5.700000,,datagouv,16.300000,0.000000,4.263321,0.000000,0.082934,0.062303,-0.014245,0.007094
2026-07-20 05:00:00,57.000000,6.100000,,datagouv,15.900000,5.555556,4.562502,0.020000,0.751366,0.564456,0.004285,0.011792
2026-07-20 06:00:00,54.000000,5.800000,,datagouv,17.000000,105.555556,4.338116,0.380000,1.553478,1.167035,0.324073,0.096637
2026-07-20 07:00:00,48.000000,5.900000,,datagouv,19.000000,275.000000,4.412911,0.990000,2.332252,1.752081,0.790235,0.229972
2026-07-20 08:00:00,43.000000,6.100000,,datagouv,20.800000,452.777778,4.562502,1.630000,3.034616,2.279725,1.315543,0.388062
2026-07-20 09:00:00,37.000000,7.600000,,datagouv,22.900000,619.444444,5.684428,2.230000,3.612704,2.714008,1.816017,0.553746
2026-07-20 10:00:00,33.000000,8.900000,,datagouv,23.800000,766.666667,6.656765,2.760000,4.027122,3.025335,2.256409,0.697015
2026-07-20 11:00:00,31.000000,9.000000,,datagouv,24.400000,850.000000,6.731560,3.060000,4.249627,3.192490,2.507194,0.779701
2026-07-20 12:00:00,27.000000,7.600000,,datagouv,26.400000,908.333333,5.684428,3.270000,4.265056,3.204081,2.671091,0.851174
2026-07-20 13:00:00,26.000000,7.400000,,datagouv,27.200000,933.333333,5.534838,3.360000,4.072358,3.059318,2.751315,0.885368
2026-07-20 14:00:00,24.000000,7.000000,,datagouv,28.000000,888.888889,5.235658,3.200000,3.684663,2.768067,2.596715,0.845671
2026-07-20 15:00:00,22.000000,7.200000,,datagouv,28.000000,780.555556,5.385248,2.810000,3.128395,2.350175,2.228375,0.730983
2026-07-20 16:00:00,22.000000,6.900000,,datagouv,28.100000,666.666667,5.160862,2.400000,2.441460,1.834122,1.851327,0.612118
2026-07-20 17:00:00,22.000000,7.200000,,datagouv,27.700000,502.777778,5.385248,1.810000,1.670672,1.255076,1.307934,0.439307
2026-07-20 18:00:00,27.000000,6.300000,,datagouv,25.900000,255.555556,4.712092,0.920000,0.868560,0.652497,0.508106,0.179287
2026-07-20 19:00:00,28.000000,7.100000,,datagouv,25.100000,163.888889,5.310453,0.590000,0.143673,0.107933,0.206921,0.087713
2026-07-20 20:00:00,29.000000,6.100000,,datagouv,23.700000,0.000000,4.562502,0.000000,0.000000,0.000000,-0.334663,-0.077758
2026-07-20 21:00:00,31.000000,5.500000,,datagouv,22.400000,0.000000,4.113731,0.000000,0.000000,0.000000,-0.330034,-0.077016
2026-07-20 22:00:00,35.000000,6.300000,,datagouv,21.400000,0.000000,4.712092,0.000000,0.000000,0.000000,-0.319544,-0.072200
2026-07-20 23:00:00,41.000000,6.100000,,datagouv,20.300000,0.000000,4.562502,0.000000,0.000000,0.000000,-0.305515,-0.069137
2026-07-21 00:00:00,42.000000,6.700000,,datagouv,19.700000,0.000000,5.011272,0.000000,0.000000,0.000000,-0.304376,-0.067301
2026-07-21 01:00:00,45.000000,6.000000,,datagouv,18.800000,0.000000,4.487706,0.000000,0.000000,0.000000,-0.299326,-0.066977
2026-07-21 02:00:00,47.000000,4.800000,,datagouv,18.100000,0.000000,3.590165,0.000000,0.000000,0.000000,-0.296503,-0.067868
2026-07-21 03:00:00,50.000000,4.500000,,datagouv,17.100000,0.000000,3.365780,0.000000,0.000000,0.000000,-0.292572,-0.066671
2026-07-21 04:00:00,52.000000,4.500000,,datagouv,16.800000,0.000000,3.365780,0.000000,0.076948,0.057806,-0.014467,0.006165
2026-07-21 05:00:00,53.000000,6.100000,,datagouv,16.600000,2.777778,4.562502,0.010000,0.739164,0.555290,-0.005195,0.010562
2026-07-21 06:00:00,51.000000,5.300000,,datagouv,17.600000,97.222222,3.964141,0.350000,1.542450,1.158750,0.305286,0.092875
2026-07-21 07:00:00,46.000000,6.000000,,datagouv,19.300000,261.111111,4.487706,0.940000,2.322411,1.744688,0.753175,0.221803
2026-07-21 08:00:00,42.000000,6.400000,,datagouv,20.900000,438.888889,4.786887,1.580000,3.025895,2.273174,1.276235,0.378475
2026-07-21 09:00:00,36.000000,7.400000,,datagouv,22.900000,605.555556,5.534838,2.180000,3.604961,2.708191,1.774773,0.541575
2026-07-21 10:00:00,32.000000,7.700000,,datagouv,24.300000,750.000000,5.759223,2.700000,4.020145,3.020094,2.207197,0.685179
2026-07-21 11:00:00,28.000000,6.900000,,datagouv,25.500000,855.555556,5.160862,3.080000,4.243154,3.187627,2.513760,0.790248
2026-07-21 12:00:00,27.000000,8.000000,,datagouv,26.300000,913.888889,5.983609,3.290000,4.258790,3.199374,2.689288,0.856680
2026-07-21 13:00:00,26.000000,6.600000,,datagouv,27.300000,919.444444,4.936477,3.310000,4.065988,3.054533,2.705524,0.870013
2026-07-21 14:00:00,25.000000,6.600000,,datagouv,28.100000,869.444444,4.936477,3.130000,3.677886,2.762975,2.537148,0.826457
2026-07-21 15:00:00,23.000000,7.400000,,datagouv,28.200000,777.777778,5.534838,2.800000,3.120934,2.344570,2.224344,0.731833
2026-07-21 16:00:00,23.000000,6.700000,,datagouv,28.000000,636.111111,5.011272,2.290000,2.433086,1.827832,1.754796,0.579959
2026-07-21 17:00:00,23.000000,7.100000,,datagouv,28.000000,472.222222,5.310453,1.700000,1.661219,1.247974,1.211996,0.410175
2026-07-21 18:00:00,24.000000,6.700000,,datagouv,27.000000,300.000000,5.011272,1.080000,0.857933,0.644513,0.644536,0.226738
2026-07-21 19:00:00,27.000000,6.600000,,datagouv,25.800000,133.333333,4.936477,0.480000,0.136630,0.102642,0.103117,0.055973
2026-07-21 20:00:00,30.000000,5.100000,,datagouv,24.400000,0.000000,3.814550,0.000000,0.000000,0.000000,-0.329835,-0.079854
2026-07-21 21:00:00,33.000000,4.800000,,datagouv,23.100000,0.000000,3.590165,0.000000,0.000000,0.000000,-0.322294,-0.077710
2026-07-21 22:00:00,37.000000,3.400000,,datagouv,21.500000,0.000000,2.543034,0.000000,0.000000,0.000000,-0.313599,-0.077324
2026-07-21 23:00:00,41.000000,2.300000,,datagouv,20.100000,0.000000,1.720287,0.000000,0.000000,0.000000,-0.305971,-0.076307
2026-07-22 00:00:00,42.000000,2.500000,,datagouv,19.500000,0.000000,1.869878,0.000000,0.000000,0.000000,-0.304820,-0.074978
2026-07-22 01:00:00,42.000000,3.900000,,datagouv,19.600000,0.000000,2.917009,0.000000,0.000000,0.000000,-0.304600,-0.072449
2026-07-22 02:00:00,46.000000,3.200000,,datagouv,18.200000,0.000000,2.393443,0.000000,0.000000,0.000000,-0.298455,-0.070962
2026-07-22 03:00:00,47.000000,3.900000,,datagouv,18.000000,0.000000,2.917009,0.000000,0.000000,0.000000,-0.296734,-0.069270
2026-07-22 04:00:00,51.000000,3.500000,,datagouv,16.500000,0.000000,2.617829,0.000000,0.071082,0.053399,-0.014598,0.004833
2026-07-22 05:00:00,53.000000,3.800000,,datagouv,16.300000,0.000000,2.842214,0.000000,0.726720,0.545941,-0.014431,0.004907
2026-07-22 06:00:00,54.000000,3.900000,,datagouv,17.400000,77.777778,2.917009,0.280000,1.531210,1.150306,0.243405,0.073422
2026-07-22 07:00:00,48.000000,5.500000,,datagouv,19.700000,236.111111,4.113731,0.850000,2.312380,1.737153,0.691901,0.205121
2026-07-22 08:00:00,41.000000,4.800000,,datagouv,21.900000,416.666667,3.590165,1.500000,3.016995,2.266487,1.216176,0.364890
2026-07-22 09:00:00,35.000000,5.600000,,datagouv,24.100000,580.555556,4.188526,2.090000,3.597036,2.702237,1.705230,0.527391
2026-07-22 10:00:00,29.000000,7.900000,,datagouv,25.700000,725.000000,5.908813,2.610000,4.012974,3.014707,2.130324,0.677697
2026-07-22 11:00:00,26.000000,6.600000,,datagouv,27.000000,827.777778,4.936477,2.980000,4.236464,3.182601,2.430550,0.781021
2026-07-22 12:00:00,25.000000,6.500000,,datagouv,28.000000,891.666667,4.861682,3.210000,4.252276,3.194480,2.610535,0.848213
2026-07-22 13:00:00,24.000000,5.600000,,datagouv,28.800000,900.000000,4.188526,3.240000,4.059331,3.049532,2.635130,0.862419
2026-07-22 14:00:00,23.000000,6.300000,,datagouv,30.000000,855.555556,4.712092,3.080000,3.670780,2.757636,2.485553,0.829352
2026-07-22 15:00:00,23.000000,5.600000,,datagouv,30.100000,769.444444,4.188526,2.770000,3.113100,2.338685,2.200580,0.736085
2026-07-22 16:00:00,26.000000,6.000000,,datagouv,30.200000,636.111111,4.487706,2.290000,2.424297,1.821229,1.774424,0.599296
2026-07-22 17:00:00,26.000000,6.100000,,datagouv,29.600000,466.666667,4.562502,1.680000,1.651311,1.240531,1.211511,0.414429
2026-07-22 18:00:00,29.000000,5.300000,,datagouv,28.800000,294.444444,3.964141,1.060000,0.846821,0.636166,0.652534,0.229220
2026-07-22 19:00:00,31.000000,4.800000,,datagouv,27.300000,127.777778,3.590165,0.460000,0.129485,0.097274,0.104337,0.051655
2026-07-22 20:00:00,35.000000,3.300000,,datagouv,25.300000,0.000000,2.468239,0.000000,0.000000,0.000000,-0.310048,-0.080443
2026-07-22 21:00:00,39.000000,3.500000,,datagouv,23.900000,0.000000,2.617829,0.000000,0.000000,0.000000,-0.301347,-0.076715
2026-07-22 22:00:00,42.000000,3.400000,,datagouv,22.800000,0.000000,2.543034,0.000000,0.000000,0.000000,-0.295992,-0.074754
2026-07-22 23:00:00,42.000000,4.900000,,datagouv,22.600000,0.000000,3.664960,0.000000,0.000000,0.000000,-0.296620,-0.071720
2026-07-23 00:00:00,44.000000,4.800000,,datagouv,21.900000,0.000000,3.590165,0.000000,0.000000,0.000000,-0.293364,-0.070720
2026-07-23 01:00:00,46.000000,5.600000,,datagouv,21.200000,0.000000,4.188526,0.000000,0.000000,0.000000,-0.290401,-0.068155
2026-07-23 02:00:00,50.000000,6.100000,,datagouv,20.300000,0.000000,4.562502,0.000000,0.000000,0.000000,-0.283648,-0.065523
2026-07-23 03:00:00,54.000000,5.300000,,datagouv,19.400000,0.000000,3.964141,0.000000,0.000000,0.000000,-0.277750,-0.065182
2026-07-23 04:00:00,56.000000,4.500000,,datagouv,18.700000,0.000000,3.365780,0.000000,0.065350,0.049094,-0.013797,0.005848
2026-07-23 05:00:00,58.000000,5.500000,,datagouv,18.200000,0.000000,4.113731,0.000000,0.714039,0.536415,-0.013681,0.006657
2026-07-23 06:00:00,55.000000,4.300000,,datagouv,19.200000,88.888889,3.216190,0.320000,1.519762,1.141706,0.280585,0.086731
2026-07-23 07:00:00,51.000000,6.200000,,datagouv,20.500000,247.222222,4.637297,0.890000,2.302161,1.729475,0.722051,0.216988
2026-07-23 08:00:00,46.000000,6.300000,,datagouv,22.200000,427.777778,4.712092,1.540000,3.007915,2.259666,1.253139,0.378958
2026-07-23 09:00:00,44.000000,6.900000,,datagouv,23.200000,597.222222,5.160862,2.150000,3.588929,2.696147,1.768015,0.538479
2026-07-23 10:00:00,39.000000,6.700000,,datagouv,24.800000,741.666667,5.011272,2.670000,4.005608,3.009173,2.203409,0.684449
2026-07-23 11:00:00,35.000000,6.700000,,datagouv,25.800000,847.222222,5.011272,3.050000,4.229555,3.177411,2.514196,0.790893
2026-07-23 12:00:00,30.000000,7.400000,,datagouv,27.300000,908.333333,5.534838,3.270000,4.245510,3.189397,2.685517,0.864517
2026-07-23 13:00:00,28.000000,6.800000,,datagouv,28.200000,911.111111,5.086067,3.280000,4.052384,3.044313,2.688810,0.874921
2026-07-23 14:00:00,25.000000,5.900000,,datagouv,29.400000,866.666667,4.412911,3.120000,3.663339,2.752047,2.530960,0.836029
2026-07-23 15:00:00,25.000000,6.500000,,datagouv,29.600000,772.222222,4.861682,2.780000,3.104888,2.332516,2.218666,0.739525
2026-07-23 16:00:00,24.000000,5.700000,,datagouv,29.700000,638.888889,4.263321,2.300000,2.415088,1.814311,1.772359,0.594807
2026-07-23 17:00:00,25.000000,5.300000,,datagouv,29.500000,475.000000,3.964141,1.710000,1.640948,1.232746,1.234011,0.419098
2026-07-23 18:00:00,28.000000,5.700000,,datagouv,28.600000,300.000000,4.263321,1.080000,0.835225,0.627454,0.665926,0.234300
2026-07-23 19:00:00,31.000000,4.900000,,datagouv,27.400000,127.777778,3.664960,0.460000,0.122262,0.091848,0.104637,0.052092
2026-07-23 20:00:00,36.000000,4.200000,,datagouv,25.500000,0.000000,3.141395,0.000000,0.000000,0.000000,-0.305990,-0.077520
2026-07-23 21:00:00,40.000000,3.800000,,datagouv,23.700000,0.000000,2.842214,0.000000,0.000000,0.000000,-0.298943,-0.075360
2026-07-23 22:00:00,41.000000,5.200000,,datagouv,23.200000,0.000000,3.889346,0.000000,0.000000,0.000000,-0.297584,-0.071758
2026-07-23 23:00:00,42.000000,5.400000,,datagouv,22.200000,0.000000,4.038936,0.000000,0.000000,0.000000,-0.297841,-0.070658
2026-07-24 00:00:00,45.000000,4.600000,,datagouv,21.200000,0.000000,3.440575,0.000000,0.000000,0.000000,-0.292926,-0.070437
2026-07-24 01:00:00,48.000000,5.000000,,datagouv,20.100000,0.000000,3.739755,0.000000,0.000000,0.000000,-0.288934,-0.068082
2026-07-24 02:00:00,51.000000,4.500000,,datagouv,19.100000,0.000000,3.365780,0.000000,0.000000,0.000000,-0.285176,-0.067379
2026-07-24 03:00:00,56.000000,4.300000,,datagouv,18.000000,0.000000,3.216190,0.000000,0.000000,0.000000,-0.278199,-0.065517
2026-07-24 04:00:00,59.000000,3.500000,,datagouv,17.100000,0.000000,2.617829,0.000000,0.059770,0.044902,-0.013764,0.003716
2026-07-24 05:00:00,59.000000,4.500000,,datagouv,17.200000,0.000000,3.365780,0.000000,0.701125,0.526713,-0.013748,0.004966
2026-07-24 06:00:00,55.000000,3.400000,,datagouv,18.900000,86.111111,2.543034,0.310000,1.508110,1.132953,0.271334,0.082423
2026-07-24 07:00:00,50.000000,6.400000,,datagouv,20.600000,255.555556,4.786887,0.920000,2.291756,1.721659,0.741425,0.223452
2026-07-24 08:00:00,44.000000,5.500000,,datagouv,22.700000,416.666667,4.113731,1.500000,2.998657,2.252711,1.220399,0.371610
2026-07-24 09:00:00,36.000000,6.200000,,datagouv,24.900000,600.000000,4.637297,2.160000,3.580641,2.689920,1.761212,0.551806
2026-07-24 10:00:00,32.000000,5.600000,,datagouv,26.800000,705.555556,4.188526,2.540000,3.998045,3.003491,2.086277,0.667541
2026-07-24 11:00:00,26.000000,6.800000,,datagouv,28.900000,847.222222,5.086067,3.050000,4.222425,3.172054,2.487500,0.819319
2026-07-24 12:00:00,23.000000,6.300000,,datagouv,30.600000,902.777778,4.712092,3.250000,4.238488,3.184122,2.643355,0.886529
2026-07-24 13:00:00,21.000000,6.300000,,datagouv,31.000000,913.888889,4.712092,3.290000,4.045142,3.038872,2.670083,0.900067
2026-07-24 14:00:00,20.000000,6.100000,,datagouv,31.400000,861.111111,4.562502,3.100000,3.655561,2.746204,2.490309,0.844901
2026-07-24 15:00:00,19.000000,5.900000,,datagouv,32.100000,761.111111,4.412911,2.740000,3.096296,2.326061,2.154388,0.740154
2026-07-24 16:00:00,19.000000,5.000000,,datagouv,31.700000,583.333333,3.739755,2.100000,2.405458,1.807076,1.564856,0.539897
2026-07-24 17:00:00,19.000000,4.300000,,datagouv,31.500000,250.000000,3.216190,0.900000,1.630128,1.224618,0.592015,0.216939
2026-07-24 18:00:00,19.000000,4.700000,,datagouv,30.600000,219.444444,3.515370,0.790000,0.823143,0.618378,0.357860,0.139834
2026-07-24 19:00:00,22.000000,3.000000,,datagouv,28.700000,66.666667,2.243853,0.240000,0.114987,0.086383,-0.134908,-0.026183
2026-07-24 20:00:00,25.000000,3.600000,,datagouv,26.900000,0.000000,2.692624,0.000000,0.000000,0.000000,-0.344818,-0.089868
2026-07-24 21:00:00,28.000000,1.700000,,datagouv,26.100000,0.000000,1.271517,0.000000,0.000000,0.000000,-0.333887,-0.091379
2026-07-24 22:00:00,29.000000,5.200000,,datagouv,25.400000,0.000000,3.889346,0.000000,0.000000,0.000000,-0.331476,-0.080863
2026-07-24 23:00:00,28.000000,5.000000,,datagouv,25.700000,0.000000,3.739755,0.000000,0.000000,0.000000,-0.334716,-0.082406
2026-07-25 00:00:00,31.000000,3.500000,,datagouv,25.400000,0.000000,2.617829,0.000000,0.000000,0.000000,-0.324002,-0.083443
2026-07-25 01:00:00,32.000000,5.000000,,datagouv,24.800000,0.000000,3.739755,0.000000,0.000000,0.000000,-0.321853,-0.078664
2026-07-25 02:00:00,33.000000,3.000000,,datagouv,24.300000,0.000000,2.243853,0.000000,0.000000,0.000000,-0.319599,-0.082523
2026-07-25 03:00:00,36.000000,3.000000,,datagouv,23.100000,0.000000,2.243853,0.000000,0.000000,0.000000,-0.312832,-0.079699
2026-07-25 04:00:00,38.000000,1.800000,,datagouv,22.500000,0.000000,1.346312,0.000000,0.054355,0.040834,-0.015417,0.004614
2026-07-25 05:00:00,40.000000,3.100000,,datagouv,22.000000,0.000000,2.318648,0.000000,0.687985,0.516842,-0.015197,0.006966
2026-07-25 06:00:00,43.000000,2.900000,,datagouv,21.400000,0.000000,2.169058,0.000000,1.496258,1.124049,-0.014875,0.006002
2026-07-25 07:00:00,42.000000,2.400000,,datagouv,21.900000,61.111111,1.795083,0.220000,2.281167,1.713704,0.187464,0.063578
2026-07-25 08:00:00,42.000000,3.300000,,datagouv,22.100000,69.444444,2.468239,0.250000,2.989222,2.245623,0.215093,0.073564
2026-07-25 09:00:00,43.000000,4.300000,,datagouv,22.000000,44.444444,3.216190,0.160000,3.572170,2.683557,0.132414,0.051314
2026-07-25 10:00:00,45.000000,3.100000,,datagouv,22.400000,86.111111,2.318648,0.310000,3.990283,2.997660,0.270747,0.089145
2026-07-25 11:00:00,57.000000,2.500000,,datagouv,23.700000,205.555556,1.869878,0.740000,4.215069,3.166529,0.668182,0.205668
2026-07-25 12:00:00,45.000000,2.400000,,datagouv,25.800000,505.555556,1.795083,1.820000,4.231209,3.178653,1.557864,0.486319
2026-07-25 13:00:00,42.000000,3.400000,,datagouv,27.100000,461.111111,2.543034,1.660000,4.037602,3.033208,1.418617,0.454530
2026-07-25 14:00:00,61.000000,4.000000,,datagouv,24.700000,241.666667,2.991804,0.870000,3.647443,2.740105,0.781797,0.244434
2026-07-25 15:00:00,49.000000,3.300000,,datagouv,26.100000,258.333333,2.468239,0.930000,3.087320,2.319318,0.805508,0.258309
2026-07-25 16:00:00,45.000000,4.100000,,datagouv,26.500000,222.222222,3.066599,0.800000,2.395404,1.799524,0.667901,0.219781
2026-07-25 17:00:00,47.000000,5.200000,,datagouv,25.800000,283.333333,3.889346,1.020000,1.618850,1.216145,0.727673,0.237544
2026-07-25 18:00:00,49.000000,4.400000,,datagouv,24.700000,133.333333,3.290985,0.480000,0.810577,0.608938,0.249670,0.087793
2026-07-25 19:00:00,50.000000,3.500000,,datagouv,24.200000,38.888889,2.617829,0.140000,0.107686,0.080898,-0.139491,-0.031023
2026-07-25 20:00:00,61.000000,3.300000,,datagouv,22.900000,0.000000,2.468239,0.000000,0.000000,0.000000,-0.246854,-0.064480
2026-07-25 21:00:00,67.000000,2.900000,,datagouv,22.100000,0.000000,2.169058,0.000000,0.000000,0.000000,-0.237705,-0.062673
2026-07-25 22:00:00,62.000000,4.400000,,datagouv,22.200000,0.000000,3.290985,0.000000,0.000000,0.000000,-0.248228,-0.062959
2026-07-25 23:00:00,69.000000,3.200000,,datagouv,20.700000,0.000000,2.393443,0.000000,0.000000,0.000000,-0.241134,-0.062268
2026-07-26 00:00:00,76.000000,2.900000,,datagouv,19.200000,0.000000,2.169058,0.000000,0.000000,0.000000,-0.235741,-0.060663
2026-07-26 01:00:00,82.000000,2.700000,,datagouv,17.700000,0.000000,2.019468,0.000000,0.000000,0.000000,-0.233325,-0.059419
2026-07-26 02:00:00,88.000000,2.200000,,datagouv,16.900000,0.000000,1.645492,0.000000,0.000000,0.000000,-0.228141,-0.058223
2026-07-26 03:00:00,93.000000,2.200000,,datagouv,16.300000,0.000000,1.645492,0.000000,0.000000,0.000000,-0.224013,-0.057120
2026-07-26 04:00:00,94.000000,1.800000,,datagouv,15.700000,0.000000,1.346312,0.000000,0.049121,0.036902,-0.011287,-0.002150
2026-07-26 05:00:00,88.000000,2.000000,,datagouv,16.000000,0.000000,1.495902,0.000000,0.674622,0.506803,-0.011634,-0.001435
2026-07-26 06:00:00,77.000000,1.800000,,datagouv,17.200000,63.888889,1.346312,0.230000,1.484208,1.114997,0.199409,0.055631
2026-07-26 07:00:00,67.000000,3.500000,,datagouv,19.400000,230.555556,2.617829,0.830000,2.270397,1.705613,0.686424,0.195525
2026-07-26 08:00:00,53.000000,4.200000,,datagouv,21.000000,408.333333,3.141395,1.470000,2.979610,2.238402,1.205266,0.352347
2026-07-26 09:00:00,52.000000,5.200000,,datagouv,22.200000,580.555556,3.889346,2.090000,3.563515,2.677055,1.731441,0.513839
2026-07-26 10:00:00,49.000000,5.900000,,datagouv,23.700000,633.333333,4.412911,2.280000,3.982322,2.991679,1.912097,0.582020
2026-07-26 11:00:00,43.000000,7.500000,,datagouv,24.000000,555.555556,5.609633,2.000000,4.207487,3.160833,1.694287,0.524870
2026-07-26 12:00:00,56.000000,6.300000,,datagouv,23.000000,361.111111,4.712092,1.300000,4.223668,3.172988,1.143522,0.348780
2026-07-26 13:00:00,64.000000,8.100000,,datagouv,22.200000,308.333333,6.058404,1.110000,4.029760,3.027317,0.985859,0.298400
2026-07-26 14:00:00,72.000000,8.000000,,datagouv,21.900000,266.666667,5.983609,0.960000,3.638980,2.733747,0.854876,0.256204
2026-07-26 15:00:00,64.000000,7.500000,,datagouv,23.200000,408.333333,5.609633,1.470000,3.077957,2.312284,1.231350,0.374801
2026-07-26 16:00:00,75.000000,7.700000,,datagouv,21.800000,233.333333,5.759223,0.840000,2.384924,1.791651,0.709774,0.212724
2026-07-26 17:00:00,72.000000,6.300000,,datagouv,22.600000,163.888889,4.712092,0.590000,1.607112,1.207326,0.473430,0.146415
2026-07-26 18:00:00,83.000000,7.300000,,datagouv,20.900000,102.777778,5.460043,0.370000,0.797525,0.599133,0.237345,0.072715
2026-07-26 19:00:00,93.000000,3.700000,,datagouv,20.200000,47.222222,2.767419,0.170000,0.100385,0.075414,-0.043728,-0.010828
2026-07-26 20:00:00,94.000000,3.900000,,datagouv,20.000000,0.000000,2.917009,0.000000,0.000000,0.000000,-0.199845,-0.054468
2026-07-26 21:00:00,95.000000,4.100000,,datagouv,19.400000,0.000000,3.066599,0.000000,0.000000,0.000000,-0.202325,-0.054733
2026-07-26 22:00:00,88.000000,4.200000,,datagouv,18.900000,0.000000,3.141395,0.000000,0.000000,0.000000,-0.216906,-0.056723
2026-07-26 23:00:00,84.000000,4.300000,,datagouv,17.800000,0.000000,3.216190,0.000000,0.000000,0.000000,-0.229601,-0.058074
2026-07-27 00:00:00,87.000000,3.000000,,datagouv,16.700000,0.000000,2.243853,0.000000,0.000000,0.000000,-0.230664,-0.058197
2026-07-27 01:00:00,91.000000,2.400000,,datagouv,15.500000,0.000000,1.795083,0.000000,0.000000,0.000000,-0.230876,-0.057580
2026-07-27 02:00:00,86.000000,2.300000,,datagouv,16.400000,0.000000,1.720287,0.000000,0.000000,0.000000,-0.233642,-0.058738
2026-07-27 03:00:00,87.000000,2.200000,,datagouv,16.700000,0.000000,1.645492,0.000000,0.000000,0.000000,-0.230664,-0.058505
2026-07-27 04:00:00,86.000000,1.800000,,datagouv,16.700000,0.000000,1.346312,0.000000,0.044082,0.033116,-0.011608,-0.001260
2026-07-27 05:00:00,86.000000,1.600000,,datagouv,16.800000,0.000000,1.196722,0.000000,0.661041,0.496600,-0.011583,-0.001338
2026-07-27 06:00:00,80.000000,2.000000,,datagouv,17.700000,30.555556,1.495902,0.110000,1.471965,1.105799,0.089372,0.026575
2026-07-27 07:00:00,71.000000,2.700000,,datagouv,18.800000,122.222222,2.019468,0.440000,2.259448,1.697387,0.392463,0.111696
2026-07-27 08:00:00,61.000000,2.800000,,datagouv,19.900000,286.111111,2.094263,1.030000,2.969822,2.231049,0.876237,0.250437
2026-07-27 09:00:00,57.000000,3.400000,,datagouv,20.000000,347.222222,2.543034,1.250000,3.554678,2.670416,1.074119,0.307570
2026-07-27 10:00:00,50.000000,2.100000,,datagouv,22.000000,616.666667,1.570697,2.220000,3.974158,2.985546,1.860898,0.544746
2026-07-27 11:00:00,46.000000,2.100000,,datagouv,23.500000,791.666667,1.570697,2.850000,4.199675,3.154964,2.376519,0.711160
2026-07-27 12:00:00,42.000000,1.400000,,datagouv,25.400000,883.333333,1.047132,3.180000,4.215861,3.167124,2.638966,0.810708
2026-07-27 13:00:00,39.000000,2.500000,,datagouv,25.700000,891.666667,1.869878,3.210000,4.021613,3.021197,2.658018,0.822905
2026-07-27 14:00:00,36.000000,2.700000,,datagouv,26.600000,847.222222,2.019468,3.050000,3.630169,2.727128,2.503745,0.786631
2026-07-27 15:00:00,34.000000,2.100000,,datagouv,27.900000,755.555556,1.570697,2.720000,3.068204,2.304958,2.197374,0.702860
2026-07-27 16:00:00,34.000000,3.300000,,datagouv,28.000000,625.000000,2.468239,2.250000,2.374016,1.783456,1.765344,0.570741
2026-07-27 17:00:00,34.000000,3.200000,,datagouv,28.400000,466.666667,2.393443,1.680000,1.594913,1.198162,1.242459,0.407889
2026-07-27 18:00:00,33.000000,2.500000,,datagouv,28.200000,288.888889,1.869878,1.040000,0.783988,0.588963,0.648910,0.217814
2026-07-27 19:00:00,50.000000,3.400000,,datagouv,24.800000,119.444444,2.543034,0.430000,0.093112,0.069950,0.130151,0.049846
2026-07-27 20:00:00,55.000000,3.500000,,datagouv,22.900000,0.000000,2.617829,0.000000,0.000000,0.000000,-0.261323,-0.067204
2026-07-27 21:00:00,62.000000,1.300000,,datagouv,21.200000,0.000000,0.972336,0.000000,0.000000,0.000000,-0.253205,-0.067309
2026-07-27 22:00:00,73.000000,0.700000,,datagouv,18.600000,0.000000,0.523566,0.000000,0.000000,0.000000,-0.244086,-0.063610
2026-07-27 23:00:00,76.000000,0.500000,,datagouv,16.900000,0.000000,0.373976,0.000000,0.000000,0.000000,-0.246768,-0.062656
2026-07-28 00:00:00,80.000000,1.300000,,datagouv,16.100000,0.000000,0.972336,0.000000,0.000000,0.000000,-0.244009,-0.060794
2026-07-28 01:00:00,82.000000,1.200000,,datagouv,15.300000,0.000000,0.897541,0.000000,0.000000,0.000000,-0.244478,-0.060146
2026-07-28 02:00:00,71.000000,2.800000,,datagouv,17.300000,0.000000,2.094263,0.000000,0.000000,0.000000,-0.253337,-0.062445
2026-07-28 03:00:00,68.000000,2.600000,,datagouv,17.300000,0.000000,1.944673,0.000000,0.000000,0.000000,-0.258485,-0.063523
2026-07-28 04:00:00,72.000000,3.400000,,datagouv,16.800000,0.000000,2.543034,0.000000,0.039252,0.029488,-0.012685,0.001568
2026-07-28 05:00:00,73.000000,3.900000,,datagouv,17.000000,0.000000,2.917009,0.000000,0.647248,0.486238,-0.012562,0.001842
2026-07-28 06:00:00,65.000000,3.900000,,datagouv,18.900000,80.555556,2.917009,0.290000,1.459533,1.096459,0.253927,0.076371
2026-07-28 07:00:00,52.000000,3.000000,,datagouv,22.400000,238.888889,2.243853,0.860000,2.248321,1.689029,0.699771,0.212260
2026-07-28 08:00:00,41.000000,2.800000,,datagouv,25.500000,413.888889,2.094263,1.490000,2.959859,2.223564,1.210280,0.379971
2026-07-28 09:00:00,36.000000,5.700000,,datagouv,27.400000,583.333333,4.263321,2.100000,3.545655,2.663638,1.718208,0.556945
2026-07-28 10:00:00,33.000000,5.200000,,datagouv,28.500000,730.555556,3.889346,2.630000,3.965790,2.979260,2.161362,0.705117
2026-07-28 11:00:00,29.000000,4.300000,,datagouv,30.800000,836.111111,3.216190,3.010000,4.191630,3.148920,2.472179,0.824914
2026-07-28 12:00:00,26.000000,4.300000,,datagouv,31.800000,888.888889,3.216190,3.200000,4.207787,3.161058,2.616733,0.882695
2026-07-28 13:00:00,25.000000,3.000000,,datagouv,32.700000,894.444444,2.243853,3.220000,4.013158,3.014845,2.632854,0.892866
2026-07-28 14:00:00,23.000000,3.700000,,datagouv,33.800000,844.444444,2.767419,3.040000,3.621007,2.720245,2.459427,0.847503
2026-07-28 15:00:00,22.000000,1.800000,,datagouv,34.100000,755.555556,1.346312,2.720000,3.058059,2.297336,2.159844,0.742904
2026-07-28 16:00:00,20.000000,2.000000,,datagouv,34.900000,625.000000,1.495902,2.250000,2.362678,1.774938,1.716837,0.599214
2026-07-28 17:00:00,19.000000,3.100000,,datagouv,34.500000,466.666667,2.318648,1.680000,1.582252,1.188651,1.184496,0.420650
2026-07-28 18:00:00,19.000000,1.500000,,datagouv,34.400000,288.888889,1.121927,1.040000,0.769967,0.578430,0.595442,0.215348
2026-07-28 19:00:00,30.000000,3.700000,,datagouv,31.200000,119.444444,2.767419,0.430000,0.085895,0.064528,0.086109,0.045857
2026-07-28 20:00:00,36.000000,2.700000,,datagouv,28.000000,0.000000,2.019468,0.000000,0.000000,0.000000,-0.296923,-0.080756
2026-07-28 21:00:00,39.000000,2.100000,,datagouv,26.600000,0.000000,1.570697,0.000000,0.000000,0.000000,-0.291697,-0.079733
2026-07-28 22:00:00,48.000000,0.000000,,datagouv,23.000000,0.000000,0.000000,0.000000,0.000000,0.000000,-0.278848,-0.077311
2026-07-28 23:00:00,53.000000,1.800000,,datagouv,21.500000,0.000000,1.346312,0.000000,0.000000,0.000000,-0.272258,-0.071168
2026-07-29 00:00:00,59.000000,0.900000,,datagouv,18.900000,0.000000,0.673156,0.000000,0.000000,0.000000,-0.269173,-0.069165
2026-07-29 01:00:00,63.000000,1.600000,,datagouv,18.000000,0.000000,1.196722,0.000000,0.000000,0.000000,-0.264794,-0.066444
2026-07-29 02:00:00,65.000000,2.000000,,datagouv,18.400000,0.000000,1.495902,0.000000,0.000000,0.000000,-0.259516,-0.065343
2026-07-29 03:00:00,70.000000,0.600000,,datagouv,16.400000,0.000000,0.448771,0.000000,0.000000,0.000000,-0.258548,-0.064462
2026-07-29 04:00:00,73.000000,0.500000,,datagouv,15.200000,0.000000,0.373976,0.000000,0.034645,0.026027,-0.012909,-0.000985
2026-07-29 05:00:00,74.000000,1.400000,,datagouv,15.000000,0.000000,1.047132,0.000000,0.633247,0.475720,-0.012869,-0.000397
2026-07-29 06:00:00,69.000000,1.200000,,datagouv,17.500000,58.333333,0.897541,0.210000,1.446914,1.086979,0.180402,0.051398
2026-07-29 07:00:00,56.000000,1.800000,,datagouv,22.200000,191.666667,1.346312,0.690000,2.237020,1.680539,0.581248,0.174694
2026-07-29 08:00:00,43.000000,1.900000,,datagouv,26.600000,350.000000,1.421107,1.260000,2.949721,2.215949,1.043005,0.331871
2026-07-29 09:00:00,35.000000,2.300000,,datagouv,29.300000,511.111111,1.720287,1.840000,3.536448,2.656721,1.519982,0.498826
2026-07-29 10:00:00,26.000000,3.400000,,datagouv,31.900000,652.777778,2.543034,2.350000,3.957216,2.972819,1.927542,0.653636
2026-07-29 11:00:00,22.000000,2.600000,,datagouv,34.300000,763.888889,1.944673,2.750000,4.183350,3.142700,2.245773,0.776111
2026-07-29 12:00:00,20.000000,1.800000,,datagouv,36.100000,819.444444,1.346312,2.950000,4.199441,3.154788,2.395215,0.838519
2026-07-29 13:00:00,18.000000,2.500000,,datagouv,38.100000,825.000000,1.869878,2.970000,4.004390,3.008258,2.380530,0.851250
2026-07-29 14:00:00,14.000000,5.400000,,datagouv,38.400000,783.333333,4.038936,2.820000,3.611491,2.713096,2.202272,0.803248
2026-07-29 15:00:00,15.000000,5.300000,,datagouv,39.000000,683.333333,3.964141,2.460000,3.047519,2.289418,1.881774,0.693600
2026-07-29 16:00:00,20.000000,5.200000,,datagouv,37.800000,552.777778,3.889346,1.990000,2.350908,1.766096,1.487506,0.546890
2026-07-29 17:00:00,23.000000,5.300000,,datagouv,36.200000,408.333333,3.964141,1.470000,1.569130,1.178793,1.024111,0.378936
2026-07-29 18:00:00,24.000000,5.500000,,datagouv,34.300000,236.111111,4.113731,0.850000,0.755463,0.567534,0.452494,0.179056
2026-07-29 19:00:00,27.000000,3.600000,,datagouv,32.000000,88.888889,2.692624,0.320000,0.078762,0.059169,-0.026918,0.009505
2026-07-29 20:00:00,27.000000,2.800000,,datagouv,29.200000,0.000000,2.094263,0.000000,0.000000,0.000000,-0.330496,-0.090479
2026-07-29 21:00:00,29.000000,2.700000,,datagouv,27.300000,0.000000,2.019468,0.000000,0.000000,0.000000,-0.326971,-0.088085
2026-07-29 22:00:00,39.000000,2.500000,,datagouv,24.400000,0.000000,1.869878,0.000000,0.000000,0.000000,-0.299739,-0.078955
2026-07-29 23:00:00,43.000000,3.000000,,datagouv,25.100000,0.000000,2.243853,0.000000,0.000000,0.000000,-0.284730,-0.074865
2026-07-30 00:00:00,52.000000,2.500000,,datagouv,22.200000,0.000000,1.869878,0.000000,0.000000,0.000000,-0.271833,-0.070558
2026-07-30 01:00:00,52.000000,3.400000,,datagouv,22.000000,0.000000,2.543034,0.000000,0.000000,0.000000,-0.272653,-0.069107
2026-07-30 02:00:00,55.000000,2.700000,,datagouv,21.200000,0.000000,2.019468,0.000000,0.000000,0.000000,-0.268804,-0.068772
2026-07-30 03:00:00,62.000000,2.900000,,datagouv,20.000000,0.000000,2.169058,0.000000,0.000000,0.000000,-0.258681,-0.065499
2026-07-30 04:00:00,70.000000,3.400000,,datagouv,19.500000,0.000000,2.543034,0.000000,0.030274,0.022743,-0.012262,0.002242
2026-07-30 05:00:00,91.000000,6.300000,,datagouv,18.900000,0.000000,4.712092,0.000000,0.619043,0.465050,-0.010601,-0.000412
2026-07-30 06:00:00,89.000000,4.700000,,datagouv,18.700000,0.000000,3.515370,0.000000,1.434112,1.077362,-0.010824,-0.000476
2026-07-30 07:00:00,74.000000,4.800000,,datagouv,20.100000,25.000000,3.590165,0.090000,2.225545,1.671919,0.071069,0.025978
2026-07-30 08:00:00,81.000000,6.000000,,datagouv,20.400000,188.888889,4.487706,0.680000,2.939409,2.208202,0.611148,0.176836
2026-07-30 09:00:00,78.000000,2.900000,,datagouv,21.600000,369.444444,2.169058,1.330000,3.527055,2.649665,1.152161,0.334228
2026-07-30 10:00:00,64.000000,4.800000,,datagouv,24.100000,652.777778,3.590165,2.350000,3.948435,2.966222,1.994484,0.604326
2026-07-30 11:00:00,54.000000,4.800000,,datagouv,26.000000,694.444444,3.590165,2.500000,4.174832,3.136301,2.120140,0.662597
2026-07-30 12:00:00,50.000000,5.200000,,datagouv,27.200000,822.222222,3.889346,2.960000,4.190819,3.148311,2.490909,0.791026
2026-07-30 13:00:00,46.000000,5.300000,,datagouv,28.100000,841.666667,3.964141,3.030000,3.995307,3.001434,2.527020,0.813191
2026-07-30 14:00:00,46.000000,5.200000,,datagouv,28.100000,800.000000,3.889346,2.880000,3.601617,2.705679,2.389020,0.769460
2026-07-30 15:00:00,49.000000,4.400000,,datagouv,27.700000,713.888889,3.290985,2.570000,3.036581,2.281201,2.111441,0.675936
2026-07-30 16:00:00,47.000000,4.900000,,datagouv,27.900000,577.777778,3.664960,2.080000,2.338704,1.756928,1.655247,0.535740
2026-07-30 17:00:00,48.000000,5.100000,,datagouv,27.000000,366.666667,3.814550,1.320000,1.555546,1.168588,0.954291,0.311570
2026-07-30 18:00:00,53.000000,3.900000,,datagouv,25.500000,222.222222,2.917009,0.800000,0.740477,0.556276,0.482632,0.157958
2026-07-30 19:00:00,58.000000,4.000000,,datagouv,24.000000,41.666667,2.991804,0.150000,0.071742,0.053896,-0.110224,-0.023178
2026-07-30 20:00:00,65.000000,4.000000,,datagouv,22.100000,0.000000,2.991804,0.000000,0.000000,0.000000,-0.242069,-0.062259
2026-07-30 21:00:00,72.000000,2.200000,,datagouv,20.300000,0.000000,1.645492,0.000000,0.000000,0.000000,-0.237350,-0.062251
2026-07-30 22:00:00,78.000000,1.900000,,datagouv,19.300000,0.000000,1.421107,0.000000,0.000000,0.000000,-0.231648,-0.060687
2026-07-30 23:00:00,80.000000,1.900000,,datagouv,18.600000,0.000000,1.421107,0.000000,0.000000,0.000000,-0.231942,-0.060257
2026-07-31 00:00:00,85.000000,2.900000,,datagouv,17.600000,0.000000,2.169058,0.000000,0.000000,0.000000,-0.229073,-0.058551
2026-07-31 01:00:00,88.000000,2.300000,,datagouv,16.900000,0.000000,1.720287,0.000000,0.000000,0.000000,-0.228141,-0.058187
2026-07-31 02:00:00,87.000000,2.800000,,datagouv,17.700000,0.000000,2.094263,0.000000,0.000000,0.000000,-0.225401,-0.058054
2026-07-31 03:00:00,89.000000,1.600000,,datagouv,17.100000,0.000000,1.196722,0.000000,0.000000,0.000000,-0.225584,-0.058124
2026-07-31 04:00:00,91.000000,2.800000,,datagouv,17.100000,0.000000,2.094263,0.000000,0.026151,0.019646,-0.011130,-0.001511
2026-07-31 05:00:00,91.000000,1.900000,,datagouv,17.000000,0.000000,1.421107,0.000000,0.604640,0.454230,-0.011157,-0.001758
2026-07-31 06:00:00,91.000000,2.200000,,datagouv,17.000000,33.333333,1.645492,0.120000,1.421130,1.067610,0.099243,0.027367
2026-07-31 07:00:00,89.000000,0.000000,,datagouv,18.000000,94.444444,0.000000,0.340000,2.213900,1.663170,0.301770,0.081837
2026-07-31 08:00:00,74.000000,3.000000,,datagouv,20.800000,288.888889,2.243853,1.040000,2.928924,2.200325,0.890335,0.256419
2026-07-31 09:00:00,64.000000,1.300000,,datagouv,23.500000,461.111111,0.972336,1.660000,3.517475,2.642468,1.409445,0.421396
2026-07-31 10:00:00,58.000000,1.100000,,datagouv,24.800000,513.888889,0.822746,1.850000,3.939443,2.959467,1.581624,0.482216
2026-07-31 11:00:00,56.000000,1.400000,,datagouv,25.500000,441.666667,1.047132,1.590000,4.166073,3.129721,1.380513,0.426652
2026-07-31 12:00:00,54.000000,1.900000,,datagouv,25.800000,388.888889,1.421107,1.400000,4.181920,3.141626,1.225387,0.382174
2026-07-31 13:00:00,53.000000,0.600000,,datagouv,26.300000,250.000000,0.448771,0.900000,3.985904,2.994371,0.814124,0.256101
2026-07-31 14:00:00,48.000000,1.500000,,datagouv,27.700000,500.000000,1.121927,1.800000,3.591383,2.697991,1.514918,0.483252
2026-07-31 15:00:00,48.000000,1.200000,,datagouv,27.600000,366.666667,0.897541,1.320000,3.025243,2.272684,1.102937,0.352926
2026-07-31 16:00:00,47.000000,3.400000,,datagouv,27.300000,127.777778,2.543034,0.460000,2.326066,1.747434,0.410116,0.139851
2026-07-31 17:00:00,45.000000,2.300000,,datagouv,28.100000,208.333333,1.720287,0.750000,1.541499,1.158036,0.551586,0.184105
2026-07-31 18:00:00,46.000000,1.900000,,datagouv,27.300000,122.222222,1.421107,0.440000,0.725010,0.544656,0.208590,0.074092
2026-07-31 19:00:00,48.000000,3.400000,,datagouv,26.700000,52.777778,2.543034,0.190000,0.064866,0.048730,-0.086924,-0.015436
2026-07-31 20:00:00,58.000000,3.900000,,datagouv,24.000000,0.000000,2.917009,0.000000,0.000000,0.000000,-0.248224,-0.064433
2026-07-31 21:00:00,63.000000,3.300000,,datagouv,22.400000,0.000000,2.468239,0.000000,0.000000,0.000000,-0.244914,-0.063820
2026-07-31 22:00:00,60.000000,3.100000,,datagouv,21.900000,0.000000,2.318648,0.000000,0.000000,0.000000,-0.254261,-0.065698
2026-07-31 23:00:00,58.000000,1.700000,,datagouv,21.100000,0.000000,1.271517,0.000000,0.000000,0.000000,-0.262442,-0.068762
2026-08-01 00:00:00,53.000000,3.200000,,datagouv,20.700000,0.000000,2.393443,0.000000,0.000000,0.000000,-0.275343,-0.068936
2026-08-01 01:00:00,55.000000,2.500000,,datagouv,19.200000,0.000000,1.869878,0.000000,0.000000,0.000000,-0.276310,-0.068799
2026-08-01 02:00:00,54.000000,3.200000,,datagouv,18.700000,0.000000,2.393443,0.000000,0.000000,0.000000,-0.280043,-0.068028
2026-08-01 03:00:00,56.000000,2.800000,,datagouv,17.700000,0.000000,2.094263,0.000000,0.000000,0.000000,-0.279122,-0.067405
2026-08-01 04:00:00,61.000000,2.100000,,datagouv,16.500000,0.000000,1.570697,0.000000,0.022289,0.016744,-0.013676,0.001701
2026-08-01 05:00:00,63.000000,1.900000,,datagouv,16.400000,0.000000,1.421107,0.000000,0.590045,0.443265,-0.013517,0.001249
2026-08-01 06:00:00,64.000000,3.200000,,datagouv,17.400000,63.888889,2.393443,0.230000,1.407972,1.057725,0.198342,0.058781
2026-08-01 07:00:00,63.000000,4.200000,,datagouv,18.900000,222.222222,3.141395,0.800000,2.202085,1.654294,0.656867,0.187174
2026-08-01 08:00:00,59.000000,3.400000,,datagouv,20.800000,358.333333,2.543034,1.290000,2.918265,2.192317,1.070578,0.310628
2026-08-01 09:00:00,53.000000,2.800000,,datagouv,23.200000,555.555556,2.094263,2.000000,3.507707,2.635130,1.661256,0.497407
2026-08-01 10:00:00,47.000000,3.500000,,datagouv,24.700000,700.000000,2.617829,2.520000,3.930240,2.952554,2.098201,0.643002
2026-08-01 11:00:00,41.000000,3.100000,,datagouv,26.300000,805.555556,2.318648,2.900000,4.157071,3.122958,2.409419,0.754253
2026-08-01 12:00:00,39.000000,3.700000,,datagouv,27.600000,866.666667,2.767419,3.120000,4.172740,3.134729,2.584727,0.824356
2026-08-01 13:00:00,38.000000,3.400000,,datagouv,28.600000,875.000000,2.543034,3.150000,3.976180,2.987065,2.611281,0.842955
2026-08-01 14:00:00,35.000000,2.800000,,datagouv,29.200000,825.000000,2.094263,2.970000,3.580786,2.690030,2.436546,0.792543
2026-08-01 15:00:00,34.000000,1.900000,,datagouv,29.500000,691.666667,1.421107,2.490000,3.013504,2.263864,1.992104,0.650682
2026-08-01 16:00:00,32.000000,3.700000,,datagouv,29.800000,536.111111,2.767419,1.930000,2.312992,1.737612,1.469598,0.489999
2026-08-01 17:00:00,35.000000,3.900000,,datagouv,28.800000,347.222222,2.917009,1.250000,1.526991,1.147136,0.852455,0.287439
2026-08-01 18:00:00,32.000000,3.700000,,datagouv,29.100000,227.777778,2.767419,0.820000,0.709063,0.532677,0.445697,0.158857
2026-08-01 19:00:00,29.000000,4.600000,,datagouv,27.200000,102.777778,3.440575,0.370000,0.058164,0.043695,0.013166,0.023168
2026-08-01 20:00:00,30.000000,3.700000,,datagouv,25.100000,0.000000,2.767419,0.000000,0.000000,0.000000,-0.328375,-0.083711
2026-08-01 21:00:00,29.000000,3.800000,,datagouv,24.100000,0.000000,2.842214,0.000000,0.000000,0.000000,-0.333982,-0.083783
2026-08-01 22:00:00,30.000000,3.300000,,datagouv,23.000000,0.000000,2.468239,0.000000,0.000000,0.000000,-0.332360,-0.083438
2026-08-01 23:00:00,31.000000,3.800000,,datagouv,22.100000,0.000000,2.842214,0.000000,0.000000,0.000000,-0.330505,-0.080802
2026-08-02 00:00:00,33.000000,4.000000,,datagouv,21.800000,0.000000,2.991804,0.000000,0.000000,0.000000,-0.324768,-0.078751
2026-08-02 01:00:00,37.000000,4.200000,,datagouv,21.300000,0.000000,3.141395,0.000000,0.000000,0.000000,-0.314027,-0.075518
2026-08-02 02:00:00,41.000000,4.200000,,datagouv,19.900000,0.000000,3.141395,0.000000,0.000000,0.000000,-0.306416,-0.072552
2026-08-02 03:00:00,48.000000,4.400000,,datagouv,19.200000,0.000000,3.290985,0.000000,0.000000,0.000000,-0.291520,-0.068742
2026-08-02 04:00:00,53.000000,4.400000,,datagouv,18.600000,0.000000,3.290985,0.000000,0.018699,0.014047,-0.014122,0.006249
2026-08-02 05:00:00,57.000000,4.500000,,datagouv,18.300000,0.000000,3.365780,0.000000,0.575260,0.432159,-0.013763,0.005570
2026-08-02 06:00:00,55.000000,5.000000,,datagouv,19.500000,61.111111,3.739755,0.220000,1.394641,1.047710,0.188637,0.062845
2026-08-02 07:00:00,48.000000,6.400000,,datagouv,22.000000,216.666667,4.786887,0.780000,2.190102,1.645292,0.635633,0.199079
2026-08-02 08:00:00,43.000000,3.800000,,datagouv,24.600000,383.333333,2.842214,1.380000,2.907433,2.184180,1.125394,0.351124
2026-08-02 09:00:00,39.000000,3.800000,,datagouv,26.800000,555.555556,2.842214,2.000000,3.497750,2.627650,1.642916,0.523812
2026-08-02 10:00:00,36.000000,4.000000,,datagouv,29.100000,700.000000,2.991804,2.520000,3.920823,2.945479,2.083133,0.681529
2026-08-02 11:00:00,33.000000,4.100000,,datagouv,31.800000,786.111111,3.066599,2.830000,4.147822,3.116009,2.347219,0.791401
2026-08-02 12:00:00,31.000000,2.900000,,datagouv,32.700000,844.444444,2.169058,3.040000,4.163275,3.127619,2.510128,0.850382
2026-08-02 13:00:00,30.000000,1.900000,,datagouv,33.400000,847.222222,1.421107,3.050000,3.966130,2.979516,2.506335,0.852582
2026-08-02 14:00:00,27.000000,4.000000,,datagouv,34.100000,800.000000,2.991804,2.880000,3.569823,2.681794,2.336861,0.808596
2026-08-02 15:00:00,24.000000,1.500000,,datagouv,35.400000,727.777778,1.121927,2.620000,3.001360,2.254742,2.085281,0.725480
2026-08-02 16:00:00,23.000000,1.600000,,datagouv,35.400000,538.888889,1.196722,1.940000,2.299482,1.727463,1.453269,0.510127
2026-08-02 17:00:00,23.000000,2.500000,,datagouv,35.000000,427.777778,1.869878,1.540000,1.512020,1.135890,1.083730,0.385456
2026-08-02 18:00:00,24.000000,1.200000,,datagouv,35.100000,250.000000,0.897541,0.900000,0.692640,0.520339,0.501644,0.183048
2026-08-02 19:00:00,34.000000,4.400000,,datagouv,30.700000,97.222222,3.290985,0.350000,0.051667,0.038814,0.028638,0.027712
2026-08-02 20:00:00,38.000000,2.800000,,datagouv,28.800000,0.000000,2.094263,0.000000,0.000000,0.000000,-0.285795,-0.078126
2026-08-02 21:00:00,44.000000,1.700000,,datagouv,26.900000,0.000000,1.271517,0.000000,0.000000,0.000000,-0.273526,-0.076102
2026-08-02 22:00:00,49.000000,2.000000,,datagouv,24.900000,0.000000,1.495902,0.000000,0.000000,0.000000,-0.267809,-0.072589
2026-08-02 23:00:00,51.000000,2.100000,,datagouv,24.000000,0.000000,1.570697,0.000000,0.000000,0.000000,-0.266498,-0.071423
2026-08-03 00:00:00,53.000000,2.800000,,datagouv,23.100000,0.000000,2.094263,0.000000,0.000000,0.000000,-0.265414,-0.069336
2026-08-03 01:00:00,61.000000,1.200000,,datagouv,20.000000,0.000000,0.897541,0.000000,0.000000,0.000000,-0.260740,-0.068043
2026-08-03 02:00:00,59.000000,1.900000,,datagouv,20.400000,0.000000,1.421107,0.000000,0.000000,0.000000,-0.263257,-0.068049
2026-08-03 03:00:00,62.000000,2.300000,,datagouv,20.200000,0.000000,1.720287,0.000000,0.000000,0.000000,-0.257805,-0.066222
2026-08-03 04:00:00,64.000000,2.100000,,datagouv,19.900000,0.000000,1.570697,0.000000,0.015393,0.011564,-0.012753,0.001765
2026-08-03 05:00:00,68.000000,1.700000,,datagouv,19.100000,0.000000,1.271517,0.000000,0.560292,0.420914,-0.012545,0.000784
2026-08-03 06:00:00,72.000000,2.300000,,datagouv,20.800000,63.888889,1.720287,0.230000,1.381141,1.037568,0.199869,0.060918
2026-08-03 07:00:00,69.000000,2.900000,,datagouv,22.200000,136.111111,2.169058,0.490000,2.177953,1.636166,0.438158,0.132534
2026-08-03 08:00:00,63.000000,4.000000,,datagouv,23.000000,150.000000,2.991804,0.540000,2.896429,2.175913,0.484718,0.150478
2026-08-03 09:00:00,70.000000,2.600000,,datagouv,21.900000,38.888889,1.944673,0.140000,3.487604,2.620027,0.117177,0.038911
2026-08-03 10:00:00,85.000000,1.600000,,datagouv,20.700000,36.111111,1.196722,0.130000,3.911191,2.938243,0.109064,0.032793
2026-08-03 11:00:00,84.000000,2.300000,,datagouv,21.800000,186.111111,1.720287,0.670000,4.138323,3.108874,0.606145,0.176909
2026-08-03 12:00:00,74.000000,5.700000,,datagouv,23.600000,455.555556,4.263321,1.640000,4.153522,3.120292,1.432206,0.431488
2026-08-03 13:00:00,69.000000,3.000000,,datagouv,23.800000,261.111111,2.243853,0.940000,3.955752,2.971719,0.847629,0.257717
2026-08-03 14:00:00,70.000000,1.800000,,datagouv,23.700000,155.555556,1.346312,0.560000,3.558491,2.673281,0.504135,0.154005
2026-08-03 15:00:00,63.000000,2.900000,,datagouv,25.400000,361.111111,2.169058,1.300000,2.988811,2.245314,1.098013,0.341171
2026-08-03 16:00:00,56.000000,3.900000,,datagouv,27.000000,536.111111,2.917009,1.930000,2.285535,1.716985,1.539825,0.489321
2026-08-03 17:00:00,57.000000,1.400000,,datagouv,28.000000,413.888889,1.047132,1.490000,1.496590,1.124298,1.144769,0.367002
2026-08-03 18:00:00,58.000000,1.700000,,datagouv,27.000000,180.555556,1.271517,0.650000,0.675741,0.507644,0.368032,0.121047
2026-08-03 19:00:00,59.000000,2.600000,,datagouv,26.100000,94.444444,1.944673,0.340000,0.045405,0.034110,0.079712,0.032204
2026-08-03 20:00:00,68.000000,2.900000,,datagouv,23.900000,0.000000,2.169058,0.000000,0.000000,0.000000,-0.224587,-0.060703
2026-08-03 21:00:00,74.000000,4.300000,,datagouv,22.300000,0.000000,3.216190,0.000000,0.000000,0.000000,-0.221661,-0.058260
2026-08-03 22:00:00,75.000000,3.700000,,datagouv,21.400000,0.000000,2.767419,0.000000,0.000000,0.000000,-0.225213,-0.059171
2026-08-03 23:00:00,75.000000,1.400000,,datagouv,21.200000,0.000000,1.047132,0.000000,0.000000,0.000000,-0.226416,-0.061233
2026-08-04 00:00:00,80.000000,1.300000,,datagouv,20.400000,0.000000,0.972336,0.000000,0.000000,0.000000,-0.221720,-0.059781
2026-08-04 01:00:00,83.000000,2.200000,,datagouv,20.400000,0.000000,1.645492,0.000000,0.000000,0.000000,-0.216256,-0.058117
2026-08-04 02:00:00,85.000000,2.600000,,datagouv,20.400000,0.000000,1.944673,0.000000,0.000000,0.000000,-0.212668,-0.057219
2026-08-04 03:00:00,90.000000,3.700000,,datagouv,19.200000,0.000000,2.767419,0.000000,0.000000,0.000000,-0.211772,-0.056211
2026-08-04 04:00:00,93.000000,3.500000,,datagouv,18.100000,0.000000,2.617829,0.000000,0.012381,0.009301,-0.010690,-0.001587
2026-08-04 05:00:00,95.000000,1.900000,,datagouv,17.600000,0.000000,1.421107,0.000000,0.545144,0.409534,-0.010689,-0.002182
2026-08-04 06:00:00,96.000000,1.300000,,datagouv,18.000000,25.000000,0.972336,0.090000,1.367473,1.027301,0.072308,0.019873
2026-08-04 07:00:00,93.000000,2.300000,,datagouv,18.700000,80.555556,1.720287,0.290000,2.165640,1.626915,0.256295,0.070781
2026-08-04 08:00:00,79.000000,1.000000,,datagouv,21.200000,269.444444,0.747951,0.970000,2.885251,2.167516,0.836831,0.240671
2026-08-04 09:00:00,67.000000,1.900000,,datagouv,23.400000,505.555556,1.421107,1.820000,3.477266,2.612261,1.538538,0.459134
2026-08-04 10:00:00,60.000000,3.200000,,datagouv,24.800000,666.666667,2.393443,2.400000,3.901340,2.930843,2.027794,0.619493
2026-08-04 11:00:00,54.000000,3.500000,,datagouv,27.100000,638.888889,2.617829,2.300000,4.128573,3.101549,1.959042,0.620271
2026-08-04 12:00:00,48.000000,4.400000,,datagouv,27.900000,736.111111,3.290985,2.650000,4.143479,3.112747,2.234138,0.716561
2026-08-04 13:00:00,51.000000,5.200000,,datagouv,27.600000,786.111111,3.889346,2.830000,3.945043,2.963674,2.371469,0.757506
2026-08-04 14:00:00,50.000000,5.200000,,datagouv,27.900000,672.222222,3.889346,2.420000,3.546788,2.664489,2.008647,0.646637
2026-08-04 15:00:00,51.000000,5.900000,,datagouv,27.800000,613.888889,4.412911,2.210000,2.975854,2.235581,1.791043,0.578453
2026-08-04 16:00:00,50.000000,6.300000,,datagouv,27.500000,569.444444,4.712092,2.050000,2.271150,1.706178,1.635060,0.528443
2026-08-04 17:00:00,52.000000,6.600000,,datagouv,26.800000,319.444444,4.936477,1.150000,1.480699,1.112360,0.809106,0.267270
2026-08-04 18:00:00,56.000000,5.400000,,datagouv,26.100000,216.666667,4.038936,0.780000,0.658370,0.494594,0.476167,0.159095
2026-08-04 19:00:00,65.000000,5.400000,,datagouv,24.100000,61.111111,4.038936,0.220000,0.039410,0.029607,-0.028000,0.001454
2026-08-04 20:00:00,69.000000,4.900000,,datagouv,22.800000,0.000000,3.664960,0.000000,0.000000,0.000000,-0.229240,-0.059115
2026-08-04 21:00:00,76.000000,3.800000,,datagouv,21.700000,0.000000,2.842214,0.000000,0.000000,0.000000,-0.221373,-0.058486
2026-08-04 22:00:00,84.000000,3.000000,,datagouv,20.800000,0.000000,2.243853,0.000000,0.000000,0.000000,-0.211871,-0.057013
2026-08-04 23:00:00,87.000000,2.300000,,datagouv,19.500000,0.000000,1.720287,0.000000,0.000000,0.000000,-0.214896,-0.057373
2026-08-05 00:00:00,89.000000,1.300000,,datagouv,19.000000,0.000000,0.972336,0.000000,0.000000,0.000000,-0.214658,-0.057430
2026-08-05 01:00:00,92.000000,0.900000,,datagouv,18.400000,0.000000,0.673156,0.000000,0.000000,0.000000,-0.213531,-0.056927
2026-08-05 02:00:00,94.000000,1.800000,,datagouv,18.000000,0.000000,1.346312,0.000000,0.000000,0.000000,-0.212878,-0.056353
2026-08-05 03:00:00,93.000000,2.500000,,datagouv,19.100000,0.000000,1.869878,0.000000,0.000000,0.000000,-0.207535,-0.055796
2026-08-05 04:00:00,95.000000,2.000000,,datagouv,18.600000,0.000000,1.495902,0.000000,0.009674,0.007268,-0.010380,-0.002120
2026-08-05 05:00:00,97.000000,2.200000,,datagouv,19.000000,0.000000,1.645492,0.000000,0.529821,0.398023,-0.010092,-0.002319
2026-08-05 06:00:00,97.000000,2.100000,,datagouv,19.100000,47.222222,1.570697,0.170000,1.353642,1.016910,0.146342,0.040554
2026-08-05 07:00:00,86.000000,2.700000,,datagouv,20.700000,216.666667,2.019468,0.780000,2.153164,1.617543,0.654721,0.187169
2026-08-05 08:00:00,69.000000,4.200000,,datagouv,22.300000,355.555556,3.141395,1.280000,2.873901,2.158990,1.073007,0.318233
2026-08-05 09:00:00,59.000000,4.400000,,datagouv,23.900000,527.777778,3.290985,1.900000,3.466736,2.604351,1.591651,0.483376
2026-08-05 10:00:00,51.000000,5.500000,,datagouv,25.100000,488.888889,4.113731,1.760000,3.891269,2.923277,1.498351,0.467876
2026-08-05 11:00:00,41.000000,5.900000,,datagouv,26.000000,688.888889,4.412911,2.480000,4.118568,3.094033,2.071193,0.653493
2026-08-05 12:00:00,36.000000,5.000000,,datagouv,27.200000,847.222222,3.739755,3.050000,4.133143,3.104982,2.513122,0.801543
2026-08-05 13:00:00,38.000000,6.100000,,datagouv,27.300000,891.666667,4.562502,3.210000,3.934001,2.955379,2.660829,0.850742
2026-08-05 14:00:00,35.000000,6.500000,,datagouv,27.000000,838.888889,4.861682,3.020000,3.534713,2.655417,2.473922,0.791172
2026-08-05 15:00:00,36.000000,6.300000,,datagouv,26.800000,744.444444,4.712092,2.680000,2.962489,2.225541,2.164067,0.692131
2026-08-05 16:00:00,39.000000,6.500000,,datagouv,26.500000,608.333333,4.861682,2.190000,2.256327,1.695043,1.722702,0.552459
2026-08-05 17:00:00,41.000000,6.400000,,datagouv,25.500000,444.444444,4.786887,1.600000,1.464350,1.100078,1.182581,0.379321
2026-08-05 18:00:00,47.000000,6.700000,,datagouv,24.400000,266.666667,5.011272,0.960000,0.640529,0.481191,0.607398,0.199437
2026-08-05 19:00:00,56.000000,6.000000,,datagouv,22.500000,97.222222,4.487706,0.350000,0.033715,0.025328,0.061244,0.030619
2026-08-05 20:00:00,59.000000,4.900000,,datagouv,21.100000,0.000000,3.664960,0.000000,0.000000,0.000000,-0.260224,-0.063912
2026-08-05 21:00:00,58.000000,4.600000,,datagouv,20.200000,0.000000,3.440575,0.000000,0.000000,0.000000,-0.266221,-0.064817
2026-08-05 22:00:00,66.000000,4.100000,,datagouv,19.200000,0.000000,3.066599,0.000000,0.000000,0.000000,-0.254248,-0.062750
2026-08-05 23:00:00,70.000000,2.400000,,datagouv,18.100000,0.000000,1.795083,0.000000,0.000000,0.000000,-0.251684,-0.063185
2026-08-06 00:00:00,73.000000,2.800000,,datagouv,17.400000,0.000000,2.094263,0.000000,0.000000,0.000000,-0.249535,-0.061879
2026-08-06 01:00:00,77.000000,2.000000,,datagouv,16.500000,0.000000,1.495902,0.000000,0.000000,0.000000,-0.246907,-0.061250
2026-08-06 02:00:00,81.000000,2.200000,,datagouv,15.600000,0.000000,1.645492,0.000000,0.000000,0.000000,-0.244667,-0.059935
2026-08-06 03:00:00,86.000000,1.100000,,datagouv,14.300000,0.000000,0.822746,0.000000,0.000000,0.000000,-0.243062,-0.058914
2026-08-06 04:00:00,93.000000,0.000000,,datagouv,12.200000,0.000000,0.000000,0.000000,0.007282,0.005471,-0.012127,-0.002411
2026-08-06 05:00:00,94.000000,1.300000,,datagouv,11.000000,0.000000,0.972336,0.000000,0.514328,0.386384,-0.012287,-0.002246
2026-08-06 06:00:00,89.000000,1.000000,,datagouv,14.400000,75.000000,0.747951,0.270000,1.339650,1.006399,0.236468,0.059859
2026-08-06 07:00:00,65.000000,2.000000,,datagouv,17.900000,208.333333,1.495902,0.750000,2.140527,1.608049,0.616875,0.170054
2026-08-06 08:00:00,53.000000,4.200000,,datagouv,20.400000,405.555556,3.141395,1.460000,2.862379,2.150333,1.186566,0.343368
2026-08-06 09:00:00,47.000000,4.600000,,datagouv,22.400000,552.777778,3.440575,1.990000,3.456014,2.596296,1.636491,0.488186
2026-08-06 10:00:00,45.000000,3.900000,,datagouv,23.400000,697.222222,2.917009,2.510000,3.880976,2.915544,2.077318,0.625372
2026-08-06 11:00:00,42.000000,3.200000,,datagouv,24.500000,802.777778,2.393443,2.890000,4.108306,3.086323,2.393587,0.730185
2026-08-06 12:00:00,39.000000,3.700000,,datagouv,25.400000,861.111111,2.767419,3.100000,4.122510,3.096994,2.555717,0.790950
2026-08-06 13:00:00,37.000000,3.500000,,datagouv,26.200000,872.222222,2.617829,3.140000,3.922621,2.946830,2.588648,0.810091
2026-08-06 14:00:00,33.000000,3.100000,,datagouv,26.700000,794.444444,2.318648,2.860000,3.522262,2.646064,2.318249,0.731859
2026-08-06 15:00:00,32.000000,2.800000,,datagouv,27.400000,725.000000,2.094263,2.610000,2.948715,2.215193,2.086610,0.665819
2026-08-06 16:00:00,30.000000,2.500000,,datagouv,27.600000,594.444444,1.869878,2.140000,2.241068,1.683580,1.646776,0.529354
2026-08-06 17:00:00,31.000000,3.400000,,datagouv,27.400000,427.777778,2.543034,1.540000,1.447544,1.087453,1.098237,0.358690
2026-08-06 18:00:00,34.000000,4.000000,,datagouv,26.400000,250.000000,2.991804,0.900000,0.622222,0.467438,0.517814,0.175643
2026-08-06 19:00:00,35.000000,3.300000,,datagouv,24.900000,88.888889,2.468239,0.320000,0.028350,0.021298,-0.016827,0.008509
2026-08-06 20:00:00,39.000000,3.000000,,datagouv,23.100000,0.000000,2.243853,0.000000,0.000000,0.000000,-0.303757,-0.077604
2026-08-06 21:00:00,40.000000,3.200000,,datagouv,22.000000,0.000000,2.393443,0.000000,0.000000,0.000000,-0.303945,-0.076152
2026-08-06 22:00:00,39.000000,2.700000,,datagouv,20.800000,0.000000,2.019468,0.000000,0.000000,0.000000,-0.309618,-0.077127
2026-08-06 23:00:00,40.000000,2.500000,,datagouv,19.800000,0.000000,1.869878,0.000000,0.000000,0.000000,-0.309150,-0.076255
2026-08-07 00:00:00,46.000000,3.700000,,datagouv,19.100000,0.000000,2.767419,0.000000,0.000000,0.000000,-0.296318,-0.070697
2026-08-07 01:00:00,50.000000,5.200000,,datagouv,18.400000,0.000000,3.889346,0.000000,0.000000,0.000000,-0.289319,-0.066355
2026-08-07 02:00:00,53.000000,5.000000,,datagouv,17.500000,0.000000,3.739755,0.000000,0.000000,0.000000,-0.285589,-0.065251
2026-08-07 03:00:00,53.000000,5.500000,,datagouv,17.100000,0.000000,4.113731,0.000000,0.000000,0.000000,-0.286646,-0.064327
2026-08-07 04:00:00,55.000000,5.000000,,datagouv,16.500000,0.000000,3.739755,0.000000,0.005214,0.003917,-0.014220,0.006217
2026-08-07 05:00:00,57.000000,6.000000,,datagouv,16.000000,0.000000,4.487706,0.000000,0.498669,0.374620,-0.014102,0.006963
2026-08-07 06:00:00,55.000000,5.500000,,datagouv,16.800000,55.555556,4.113731,0.200000,1.325501,0.995769,0.169820,0.055163
2026-08-07 07:00:00,50.000000,7.500000,,datagouv,18.400000,213.888889,5.609633,0.770000,2.127729,1.598435,0.621511,0.183615
2026-08-07 08:00:00,44.000000,5.600000,,datagouv,20.700000,388.888889,4.188526,1.400000,2.850684,2.141548,1.129889,0.333771
2026-08-07 09:00:00,40.000000,4.800000,,datagouv,22.900000,558.333333,3.590165,2.010000,3.445096,2.588094,1.638680,0.494953
2026-08-07 10:00:00,35.000000,4.600000,,datagouv,25.100000,705.555556,3.440575,2.540000,3.870459,2.907643,2.079181,0.646252
2026-08-07 11:00:00,32.000000,5.100000,,datagouv,26.600000,811.111111,3.814550,2.920000,4.097783,3.078419,2.391383,0.758781
2026-08-07 12:00:00,29.000000,4.400000,,datagouv,28.000000,866.666667,3.290985,3.120000,4.111578,3.088782,2.545353,0.820551
2026-08-07 13:00:00,25.000000,4.200000,,datagouv,28.800000,875.000000,3.141395,3.150000,3.910903,2.938027,2.557110,0.833170
2026-08-07 14:00:00,24.000000,4.200000,,datagouv,29.500000,827.777778,3.141395,2.980000,3.509434,2.636428,2.397488,0.789429
2026-08-07 15:00:00,21.000000,3.400000,,datagouv,29.900000,738.888889,2.543034,2.660000,2.934531,2.204537,2.088362,0.691851
2026-08-07 16:00:00,21.000000,2.700000,,datagouv,30.000000,605.555556,2.019468,2.180000,2.225371,1.671788,1.646941,0.547978
2026-08-07 17:00:00,20.000000,3.600000,,datagouv,30.000000,441.666667,2.692624,1.590000,1.430284,1.074486,1.098645,0.374083
2026-08-07 18:00:00,22.000000,3.800000,,datagouv,29.100000,255.555556,2.842214,0.920000,0.603452,0.453337,0.491387,0.176185
2026-08-07 19:00:00,24.000000,3.300000,,datagouv,27.400000,86.111111,2.468239,0.310000,0.023349,0.017541,-0.063184,-0.003024
2026-08-07 20:00:00,28.000000,3.100000,,datagouv,25.100000,0.000000,2.318648,0.000000,0.000000,0.000000,-0.335879,-0.087104
2026-08-07 21:00:00,31.000000,2.900000,,datagouv,23.300000,0.000000,2.169058,0.000000,0.000000,0.000000,-0.328479,-0.083828
2026-08-07 22:00:00,34.000000,3.100000,,datagouv,22.200000,0.000000,2.318648,0.000000,0.000000,0.000000,-0.320979,-0.080384
2026-08-07 23:00:00,35.000000,3.500000,,datagouv,21.500000,0.000000,2.617829,0.000000,0.000000,0.000000,-0.319354,-0.078359
2026-08-08 00:00:00,31.000000,4.900000,,datagouv,21.700000,0.000000,3.664960,0.000000,0.000000,0.000000,-0.331098,-0.077918
2026-08-08 01:00:00,30.000000,4.200000,,datagouv,21.100000,0.000000,3.141395,0.000000,0.000000,0.000000,-0.334984,-0.079682
2026-08-08 02:00:00,32.000000,3.900000,,datagouv,20.100000,0.000000,2.917009,0.000000,0.000000,0.000000,-0.330186,-0.078149
2026-08-08 03:00:00,34.000000,4.400000,,datagouv,19.300000,0.000000,3.290985,0.000000,0.000000,0.000000,-0.325598,-0.075182
2026-08-08 04:00:00,37.000000,4.500000,,datagouv,19.000000,0.000000,3.365780,0.000000,0.003479,0.002613,-0.015909,0.009502
2026-08-08 05:00:00,39.000000,4.300000,,datagouv,18.500000,0.000000,3.216190,0.000000,0.482849,0.362735,-0.015700,0.008608
2026-08-08 06:00:00,38.000000,5.100000,,datagouv,19.400000,38.888889,3.814550,0.140000,1.311196,0.985023,0.113051,0.046128
2026-08-08 07:00:00,34.000000,4.500000,,datagouv,22.000000,200.000000,3.365780,0.720000,2.114773,1.588702,0.578259,0.182485
2026-08-08 08:00:00,30.000000,2.800000,,datagouv,24.900000,372.222222,2.094263,1.340000,2.838816,2.132632,1.068973,0.336089
2026-08-08 09:00:00,27.000000,2.700000,,datagouv,27.300000,538.888889,2.019468,1.940000,3.433983,2.579746,1.561711,0.501824
2026-08-08 10:00:00,24.000000,2.300000,,datagouv,30.000000,677.777778,1.720287,2.440000,3.859715,2.899572,1.975260,0.652117
2026-08-08 11:00:00,22.000000,2.000000,,datagouv,31.500000,777.777778,1.495902,2.800000,4.086999,3.070317,2.267660,0.758896
2026-08-08 12:00:00,22.000000,1.900000,,datagouv,32.900000,827.777778,1.421107,2.980000,4.100345,3.080343,2.410612,0.817759
2026-08-08 13:00:00,22.000000,2.500000,,datagouv,33.600000,830.555556,1.869878,2.990000,3.898844,2.928968,2.406666,0.824350
2026-08-08 14:00:00,21.000000,2.200000,,datagouv,34.100000,786.111111,1.645492,2.830000,3.496228,2.626507,2.254686,0.776438
2026-08-08 15:00:00,21.000000,1.200000,,datagouv,35.200000,700.000000,0.897541,2.520000,2.919936,2.193572,1.972944,0.685296
2026-08-08 16:00:00,21.000000,1.800000,,datagouv,34.300000,436.111111,1.346312,1.570000,2.209239,1.659668,1.121492,0.393609
2026-08-08 17:00:00,22.000000,2.900000,,datagouv,33.900000,227.777778,2.169058,0.820000,1.412571,1.061180,0.516504,0.191838
2026-08-08 18:00:00,24.000000,2.000000,,datagouv,33.200000,88.888889,1.495902,0.320000,0.584223,0.438892,0.082869,0.042098
2026-08-08 19:00:00,25.000000,1.300000,,datagouv,32.100000,52.777778,0.972336,0.190000,0.018743,0.014081,-0.156796,-0.040055
2026-08-08 20:00:00,30.000000,2.400000,,datagouv,30.100000,0.000000,1.795083,0.000000,0.000000,0.000000,-0.313770,-0.087715
2026-08-08 21:00:00,33.000000,2.400000,,datagouv,28.500000,0.000000,1.795083,0.000000,0.000000,0.000000,-0.306791,-0.084532
2026-08-08 22:00:00,36.000000,2.600000,,datagouv,27.100000,0.000000,1.944673,0.000000,0.000000,0.000000,-0.300426,-0.081222
2026-08-08 23:00:00,36.000000,2.400000,,datagouv,27.000000,0.000000,1.795083,0.000000,0.000000,0.000000,-0.300799,-0.081721
2026-08-09 00:00:00,59.000000,8.300000,,datagouv,24.600000,0.000000,6.207994,0.000000,0.000000,0.000000,-0.242288,-0.056935
2026-08-09 01:00:00,61.000000,5.400000,,datagouv,23.300000,0.000000,4.038936,0.000000,0.000000,0.000000,-0.244684,-0.061366
2026-08-09 02:00:00,59.000000,3.400000,,datagouv,23.400000,0.000000,2.543034,0.000000,0.000000,0.000000,-0.248977,-0.065042
2026-08-09 03:00:00,66.000000,3.500000,,datagouv,22.700000,0.000000,2.617829,0.000000,0.000000,0.000000,-0.236493,-0.062021
2026-08-09 04:00:00,68.000000,1.600000,,datagouv,22.300000,0.000000,1.196722,0.000000,0.002085,0.001566,-0.011720,0.001058
2026-08-09 05:00:00,73.000000,2.300000,,datagouv,20.300000,0.000000,1.720287,0.000000,0.466871,0.350732,-0.011771,0.000902
2026-08-09 06:00:00,69.000000,3.200000,,datagouv,21.300000,50.000000,2.393443,0.180000,1.296740,0.974163,0.153704,0.049706
2026-08-09 07:00:00,57.000000,3.800000,,datagouv,24.600000,216.666667,2.842214,0.780000,2.101659,1.578850,0.639163,0.201818
2026-08-09 08:00:00,51.000000,5.200000,,datagouv,26.200000,325.000000,3.889346,1.170000,2.826775,2.123587,0.975864,0.314096
2026-08-09 09:00:00,52.000000,2.600000,,datagouv,26.200000,188.888889,1.944673,0.680000,3.422673,2.571249,0.612982,0.197572
2026-08-09 10:00:00,42.000000,1.800000,,datagouv,28.300000,341.666667,1.346312,1.230000,3.848743,2.891330,1.070270,0.348015
2026-08-09 11:00:00,41.000000,3.500000,,datagouv,29.300000,308.333333,2.617829,1.110000,4.075949,3.062016,0.983303,0.328695
2026-08-09 12:00:00,39.000000,1.200000,,datagouv,30.300000,627.777778,0.897541,2.260000,4.088807,3.071675,1.902730,0.625352
2026-08-09 13:00:00,31.000000,1.300000,,datagouv,32.400000,830.555556,0.972336,2.990000,3.886441,2.919650,2.451432,0.823607
2026-08-09 14:00:00,30.000000,1.700000,,datagouv,33.100000,786.111111,1.271517,2.830000,3.482643,2.616301,2.302492,0.781286
2026-08-09 15:00:00,30.000000,4.100000,,datagouv,33.100000,688.888889,3.066599,2.480000,2.904929,2.182299,1.980492,0.680849
2026-08-09 16:00:00,28.000000,3.700000,,datagouv,33.400000,561.111111,2.767419,2.020000,2.192671,1.647222,1.548095,0.537462
2026-08-09 17:00:00,29.000000,4.000000,,datagouv,33.000000,402.777778,2.991804,1.450000,1.394408,1.047535,1.027230,0.362091
2026-08-09 18:00:00,34.000000,4.000000,,datagouv,31.900000,225.000000,2.991804,0.810000,0.564539,0.424105,0.457700,0.168626
2026-08-09 19:00:00,39.000000,4.900000,,datagouv,29.300000,69.444444,3.664960,0.250000,0.014566,0.010942,-0.049528,0.001922
2026-08-09 20:00:00,41.000000,3.300000,,datagouv,27.400000,0.000000,2.468239,0.000000,0.000000,0.000000,-0.281314,-0.074939
2026-08-09 21:00:00,43.000000,1.800000,,datagouv,26.700000,0.000000,1.346312,0.000000,0.000000,0.000000,-0.277770,-0.076852
2026-08-09 22:00:00,47.000000,1.700000,,datagouv,25.600000,0.000000,1.271517,0.000000,0.000000,0.000000,-0.270341,-0.074313
2026-08-09 23:00:00,49.000000,2.900000,,datagouv,24.500000,0.000000,2.169058,0.000000,0.000000,0.000000,-0.269684,-0.071099
2026-08-10 00:00:00,52.000000,1.100000,,datagouv,24.200000,0.000000,0.822746,0.000000,0.000000,0.000000,-0.262849,-0.072414
2026-08-10 01:00:00,54.000000,3.300000,,datagouv,23.500000,0.000000,2.468239,0.000000,0.000000,0.000000,-0.260982,-0.067816
2026-08-10 02:00:00,56.000000,1.600000,,datagouv,23.100000,0.000000,1.196722,0.000000,0.000000,0.000000,-0.257887,-0.069513
2026-08-10 03:00:00,60.000000,1.400000,,datagouv,22.100000,0.000000,1.047132,0.000000,0.000000,0.000000,-0.253283,-0.067936
2026-08-10 04:00:00,67.000000,1.100000,,datagouv,20.200000,0.000000,0.822746,0.000000,0.001040,0.000781,-0.012383,0.000370
2026-08-10 05:00:00,58.000000,2.700000,,datagouv,21.200000,0.000000,2.019468,0.000000,0.450741,0.338614,-0.013100,0.003508
2026-08-10 06:00:00,57.000000,2.900000,,datagouv,21.600000,38.888889,2.169058,0.140000,1.282134,0.963190,0.115675,0.040927
2026-08-10 07:00:00,50.000000,3.900000,,datagouv,23.800000,186.111111,2.917009,0.670000,2.088389,1.568881,0.555213,0.176147
2026-08-10 08:00:00,45.000000,2.500000,,datagouv,26.500000,352.777778,1.869878,1.270000,2.814562,2.114411,1.042943,0.332302
2026-08-10 09:00:00,42.000000,2.400000,,datagouv,28.700000,516.666667,1.795083,1.860000,3.411165,2.562604,1.540284,0.500500
2026-08-10 10:00:00,41.000000,2.900000,,datagouv,29.200000,627.777778,2.169058,2.260000,3.837540,2.882914,1.886246,0.615584
2026-08-10 11:00:00,37.000000,2.800000,,datagouv,31.500000,786.111111,2.094263,2.830000,4.064632,3.053514,2.354717,0.786792
2026-08-10 12:00:00,35.000000,2.900000,,datagouv,31.800000,819.444444,2.169058,2.950000,4.076963,3.062778,2.444647,0.819728
2026-08-10 13:00:00,34.000000,1.400000,,datagouv,32.600000,808.333333,1.047132,2.910000,3.873694,2.910074,2.393381,0.805873
2026-08-10 14:00:00,33.000000,2.700000,,datagouv,33.500000,677.777778,2.019468,2.440000,3.468676,2.605808,1.985381,0.680487
2026-08-10 15:00:00,31.000000,2.000000,,datagouv,33.800000,741.666667,1.495902,2.670000,2.889512,2.170717,2.163984,0.741012
2026-08-10 16:00:00,31.000000,1.900000,,datagouv,33.800000,486.111111,1.421107,1.750000,2.175670,1.634451,1.317584,0.456047
2026-08-10 17:00:00,29.000000,1.300000,,datagouv,33.800000,338.888889,0.972336,1.220000,1.375798,1.033555,0.819349,0.287029
2026-08-10 18:00:00,41.000000,2.100000,,datagouv,30.500000,130.555556,1.570697,0.470000,0.544405,0.408979,0.167188,0.065183
2026-08-10 19:00:00,35.000000,1.600000,,datagouv,31.200000,83.333333,1.196722,0.300000,0.010848,0.008149,-0.010531,0.007387
2026-08-10 20:00:00,51.000000,3.800000,,datagouv,28.600000,0.000000,2.842214,0.000000,0.000000,0.000000,-0.240880,-0.064458
2026-08-10 21:00:00,53.000000,2.700000,,datagouv,27.300000,0.000000,2.019468,0.000000,0.000000,0.000000,-0.242833,-0.066546
2026-08-10 22:00:00,56.000000,2.600000,,datagouv,26.200000,0.000000,1.944673,0.000000,0.000000,0.000000,-0.240822,-0.065754
2026-08-10 23:00:00,49.000000,1.900000,,datagouv,25.500000,0.000000,1.421107,0.000000,0.000000,0.000000,-0.264883,-0.072483
2026-08-11 00:00:00,47.000000,3.100000,,datagouv,25.200000,0.000000,2.318648,0.000000,0.000000,0.000000,-0.272220,-0.071777
2026-08-11 01:00:00,48.000000,3.400000,,datagouv,24.700000,0.000000,2.543034,0.000000,0.000000,0.000000,-0.271605,-0.070745
2026-08-11 02:00:00,47.000000,4.400000,,datagouv,24.700000,0.000000,3.290985,0.000000,0.000000,0.000000,-0.274486,-0.069490
2026-08-11 03:00:00,46.000000,4.800000,,datagouv,24.700000,0.000000,3.590165,0.000000,0.000000,0.000000,-0.277398,-0.069340
2026-08-11 04:00:00,46.000000,4.800000,,datagouv,24.600000,0.000000,3.590165,0.000000,0.000351,0.000264,-0.013891,0.009955
2026-08-11 05:00:00,47.000000,4.500000,,datagouv,24.000000,0.000000,3.365780,0.000000,0.434462,0.326385,-0.013875,0.008992
2026-08-11 06:00:00,46.000000,6.000000,,datagouv,24.200000,38.888889,4.487706,0.140000,1.267381,0.952107,0.114824,0.050626
2026-08-11 07:00:00,43.000000,5.500000,,datagouv,25.900000,180.555556,4.113731,0.650000,2.074964,1.558796,0.538088,0.181593
2026-08-11 08:00:00,40.000000,4.800000,,datagouv,27.700000,350.000000,3.590165,1.260000,2.802175,2.105106,1.029364,0.339709
2026-08-11 09:00:00,37.000000,3.800000,,datagouv,29.500000,522.222222,2.842214,1.880000,3.399457,2.553808,1.545196,0.511504
2026-08-11 10:00:00,33.000000,5.600000,,datagouv,31.400000,644.444444,4.188526,2.320000,3.826105,2.874323,1.916526,0.650767
2026-08-11 11:00:00,30.000000,4.400000,,datagouv,33.200000,761.111111,3.290985,2.740000,4.053045,3.044809,2.260798,0.776154
2026-08-11 12:00:00,29.000000,4.400000,,datagouv,34.100000,819.444444,3.290985,2.950000,4.064810,3.053648,2.426224,0.839405
2026-08-11 13:00:00,26.000000,5.200000,,datagouv,35.400000,833.333333,3.889346,3.000000,3.860599,2.900236,2.447315,0.860789
2026-08-11 14:00:00,25.000000,4.300000,,datagouv,35.500000,797.222222,3.216190,2.870000,3.454328,2.595029,2.322005,0.816138
2026-08-11 15:00:00,24.000000,3.400000,,datagouv,36.000000,713.888889,2.543034,2.570000,2.873684,2.158826,2.041849,0.721015
2026-08-11 16:00:00,25.000000,3.300000,,datagouv,35.500000,513.888889,2.468239,1.850000,2.158238,1.621354,1.383605,0.492035
2026-08-11 17:00:00,23.000000,3.500000,,datagouv,35.800000,322.222222,2.617829,1.160000,1.356745,1.019241,0.737263,0.273046
2026-08-11 18:00:00,24.000000,2.600000,,datagouv,35.400000,222.222222,1.944673,0.800000,0.523825,0.393519,0.410881,0.157251
2026-08-11 19:00:00,30.000000,0.800000,,datagouv,33.300000,69.444444,0.598361,0.250000,0.007623,0.005727,-0.070150,-0.013755
2026-08-11 20:00:00,46.000000,3.100000,,datagouv,28.600000,0.000000,2.318648,0.000000,0.000000,0.000000,-0.257728,-0.070055
2026-08-11 21:00:00,49.000000,1.700000,,datagouv,27.700000,0.000000,1.271517,0.000000,0.000000,0.000000,-0.252959,-0.071208
2026-08-11 22:00:00,41.000000,1.700000,,datagouv,27.400000,0.000000,1.271517,0.000000,0.000000,0.000000,-0.281314,-0.078536
2026-08-11 23:00:00,36.000000,4.500000,,datagouv,28.800000,0.000000,3.365780,0.000000,0.000000,0.000000,-0.293575,-0.075930
2026-08-12 00:00:00,37.000000,4.800000,,datagouv,28.000000,0.000000,3.590165,0.000000,0.000000,0.000000,-0.293137,-0.074663
2026-08-12 01:00:00,39.000000,3.400000,,datagouv,26.900000,0.000000,2.543034,0.000000,0.000000,0.000000,-0.290473,-0.076665
2026-08-12 02:00:00,41.000000,3.200000,,datagouv,25.800000,0.000000,2.393443,0.000000,0.000000,0.000000,-0.288224,-0.075793
2026-08-12 03:00:00,43.000000,3.900000,,datagouv,25.000000,0.000000,2.917009,0.000000,0.000000,0.000000,-0.285135,-0.073025
2026-08-12 04:00:00,44.000000,2.900000,,datagouv,24.400000,0.000000,2.169058,0.000000,0.000027,0.000020,-0.014226,0.006517
2026-08-12 05:00:00,46.000000,3.800000,,datagouv,23.700000,0.000000,2.842214,0.000000,0.418038,0.314047,-0.014077,0.007778
2026-08-12 06:00:00,44.000000,3.900000,,datagouv,24.700000,38.888889,2.917009,0.140000,1.252484,0.940916,0.114634,0.047375
2026-08-12 07:00:00,39.000000,4.100000,,datagouv,26.800000,177.777778,3.066599,0.640000,2.061384,1.548594,0.528318,0.178910
2026-08-12 08:00:00,35.000000,2.700000,,datagouv,29.600000,344.444444,2.019468,1.240000,2.789615,2.095671,1.008808,0.337461
2026-08-12 09:00:00,32.000000,1.100000,,datagouv,31.900000,508.333333,0.822746,1.830000,3.387548,2.544862,1.499305,0.504485
2026-08-12 10:00:00,29.000000,2.300000,,datagouv,33.600000,650.000000,1.720287,2.340000,3.814436,2.865557,1.924068,0.660273
2026-08-12 11:00:00,26.000000,2.000000,,datagouv,35.300000,755.555556,1.495902,2.720000,4.041186,3.035900,2.233239,0.776555
2026-08-12 12:00:00,24.000000,2.500000,,datagouv,36.400000,805.555556,1.869878,2.900000,4.052346,3.044284,2.367756,0.832952
2026-08-12 13:00:00,22.000000,2.600000,,datagouv,37.000000,747.222222,1.944673,2.690000,3.847155,2.890137,2.174005,0.771093
2026-08-12 14:00:00,22.000000,2.700000,,datagouv,37.700000,675.000000,2.019468,2.430000,3.439597,2.583963,1.933252,0.692243
2026-08-12 15:00:00,21.000000,2.500000,,datagouv,37.900000,722.222222,1.869878,2.600000,2.857446,2.146628,2.056686,0.736049
2026-08-12 16:00:00,21.000000,1.900000,,datagouv,38.100000,588.888889,1.421107,2.120000,2.140375,1.607935,1.615935,0.580978
2026-08-12 17:00:00,22.000000,1.500000,,datagouv,37.300000,386.111111,1.121927,1.390000,1.337251,1.004596,0.948258,0.343427
2026-08-12 18:00:00,28.000000,5.600000,,datagouv,34.500000,186.111111,4.188526,0.670000,0.502805,0.377728,0.311184,0.130515
2026-08-12 19:00:00,33.000000,3.200000,,datagouv,32.200000,5.555556,2.393443,0.020000,0.004922,0.003698,-0.272261,-0.074249
2026-08-12 20:00:00,38.000000,2.800000,,datagouv,29.700000,0.000000,2.094263,0.000000,0.000000,0.000000,-0.281456,-0.077510
2026-08-12 21:00:00,43.000000,2.200000,,datagouv,28.200000,0.000000,1.645492,0.000000,0.000000,0.000000,-0.270392,-0.075072
2026-08-12 22:00:00,40.000000,2.300000,,datagouv,28.700000,0.000000,1.720287,0.000000,0.000000,0.000000,-0.278714,-0.077372
2026-08-12 23:00:00,45.000000,1.600000,,datagouv,26.600000,0.000000,1.196722,0.000000,0.000000,0.000000,-0.271735,-0.075621
2026-08-13 00:00:00,47.000000,1.700000,,datagouv,26.000000,0.000000,1.271517,0.000000,0.000000,0.000000,-0.268403,-0.074116
2026-08-13 01:00:00,57.000000,0.000000,,datagouv,21.800000,0.000000,0.000000,0.000000,0.000000,0.000000,-0.261607,-0.071643
2026-08-13 02:00:00,59.000000,2.500000,,datagouv,22.600000,0.000000,1.869878,0.000000,0.000000,0.000000,-0.253118,-0.066742
2026-08-13 03:00:00,65.000000,1.300000,,datagouv,19.700000,0.000000,0.972336,0.000000,0.000000,0.000000,-0.253967,-0.066165
2026-08-13 04:00:00,68.000000,1.500000,,datagouv,18.900000,0.000000,1.121927,0.000000,0.000000,0.000000,-0.251797,-0.064771
2026-08-13 05:00:00,68.000000,1.800000,,datagouv,19.200000,0.000000,1.346312,0.000000,0.401546,0.301658,-0.012522,0.000896
2026-08-13 06:00:00,60.000000,1.800000,,datagouv,21.600000,36.111111,1.346312,0.130000,1.237445,0.929618,0.106815,0.036366
2026-08-13 07:00:00,45.000000,1.300000,,datagouv,26.400000,177.777778,0.972336,0.640000,2.047652,1.538278,0.531078,0.171528
2026-08-13 08:00:00,39.000000,1.200000,,datagouv,29.500000,344.444444,0.897541,1.240000,2.776881,2.086104,1.014783,0.334517
2026-08-13 09:00:00,33.000000,1.100000,,datagouv,32.000000,511.111111,0.822746,1.840000,3.375438,2.535764,1.509175,0.508146
2026-08-13 10:00:00,28.000000,1.200000,,datagouv,35.100000,652.777778,0.897541,2.350000,3.802530,2.856613,1.932112,0.669614
2026-08-13 11:00:00,24.000000,1.900000,,datagouv,36.500000,752.777778,1.421107,2.710000,4.029053,3.026786,2.218144,0.780057
2026-08-13 12:00:00,22.000000,3.100000,,datagouv,37.800000,816.666667,2.318648,2.940000,4.039569,3.034686,2.390280,0.853707
2026-08-13 13:00:00,20.000000,3.000000,,datagouv,38.300000,830.555556,2.243853,2.990000,3.833361,2.879774,2.409485,0.864204
2026-08-13 14:00:00,19.000000,3.500000,,datagouv,38.900000,800.000000,2.617829,2.880000,3.424483,2.572609,2.302673,0.833031
2026-08-13 15:00:00,18.000000,2.800000,,datagouv,39.500000,700.000000,2.094263,2.520000,2.840799,2.134122,1.965375,0.715382
2026-08-13 16:00:00,17.000000,2.000000,,datagouv,39.600000,566.666667,1.495902,2.040000,2.122085,1.594195,1.515366,0.553794
2026-08-13 17:00:00,20.000000,3.700000,,datagouv,38.600000,391.666667,2.767419,1.410000,1.317321,0.989624,0.957113,0.358869
2026-08-13 18:00:00,23.000000,5.200000,,datagouv,36.500000,213.888889,3.889346,0.770000,0.481351,0.361610,0.381384,0.157930
2026-08-13 19:00:00,26.000000,3.900000,,datagouv,33.900000,55.555556,2.917009,0.200000,0.002779,0.002087,-0.135302,-0.025355
2026-08-13 20:00:00,30.000000,2.200000,,datagouv,31.700000,0.000000,1.645492,0.000000,0.000000,0.000000,-0.307409,-0.087651
2026-08-13 21:00:00,34.000000,1.500000,,datagouv,29.800000,0.000000,1.121927,0.000000,0.000000,0.000000,-0.297411,-0.085311
2026-08-13 22:00:00,38.000000,2.000000,,datagouv,28.600000,0.000000,1.495902,0.000000,0.000000,0.000000,-0.286719,-0.080176
2026-08-13 23:00:00,39.000000,2.000000,,datagouv,28.300000,0.000000,1.495902,0.000000,0.000000,0.000000,-0.284344,-0.079319
2026-08-14 00:00:00,44.000000,1.200000,,datagouv,26.100000,0.000000,0.897541,0.000000,0.000000,0.000000,-0.277290,-0.077517
2026-08-14 01:00:00,52.000000,0.500000,,datagouv,23.300000,0.000000,0.373976,0.000000,0.000000,0.000000,-0.267073,-0.073706
2026-08-14 02:00:00,55.000000,1.500000,,datagouv,23.300000,0.000000,1.121927,0.000000,0.000000,0.000000,-0.259409,-0.070187
2026-08-14 03:00:00,59.000000,1.100000,,datagouv,20.800000,0.000000,0.822746,0.000000,0.000000,0.000000,-0.261545,-0.069112
2026-08-14 04:00:00,62.000000,2.300000,,datagouv,21.200000,0.000000,1.720287,0.000000,0.000000,0.000000,-0.253205,-0.066043
2026-08-14 05:00:00,57.000000,2.200000,,datagouv,22.500000,0.000000,1.645492,0.000000,0.385268,0.289429,-0.012918,0.003143
2026-08-14 06:00:00,57.000000,2.900000,,datagouv,22.900000,16.666667,2.169058,0.060000,1.222266,0.918215,0.042379,0.020417
2026-08-14 07:00:00,41.000000,1.600000,,datagouv,28.000000,161.111111,1.196722,0.580000,2.033767,1.527847,0.488350,0.163090
2026-08-14 08:00:00,35.000000,2.300000,,datagouv,30.300000,313.888889,1.720287,1.130000,2.763973,2.076407,0.927693,0.312989
2026-08-14 09:00:00,31.000000,1.400000,,datagouv,32.800000,477.777778,1.047132,1.720000,3.363123,2.526513,1.413131,0.481709
2026-08-14 10:00:00,28.000000,1.900000,,datagouv,34.800000,622.222222,1.421107,2.240000,3.790386,2.847489,1.844533,0.640135
2026-08-14 11:00:00,26.000000,1.800000,,datagouv,36.400000,722.222222,1.346312,2.600000,4.016643,3.017463,2.141671,0.752276
2026-08-14 12:00:00,23.000000,1.600000,,datagouv,37.800000,777.777778,1.196722,2.800000,4.026477,3.024850,2.287092,0.812201
2026-08-14 13:00:00,22.000000,1.800000,,datagouv,38.200000,794.444444,1.346312,2.860000,3.819216,2.869148,2.306071,0.822496
2026-08-14 14:00:00,22.000000,2.400000,,datagouv,38.900000,747.222222,1.795083,2.690000,3.408986,2.560967,2.151584,0.775047
2026-08-14 15:00:00,24.000000,6.100000,,datagouv,37.900000,650.000000,4.562502,2.340000,2.823743,2.121309,1.839233,0.671899
2026-08-14 16:00:00,26.000000,5.400000,,datagouv,37.200000,500.000000,4.038936,1.800000,2.103370,1.580136,1.352340,0.495671
2026-08-14 17:00:00,37.000000,6.700000,,datagouv,33.100000,188.888889,5.011272,0.680000,1.296960,0.974328,0.467581,0.180574
2026-08-14 18:00:00,40.000000,4.300000,,datagouv,30.900000,150.000000,3.216190,0.540000,0.459467,0.345170,0.229882,0.091512
2026-08-14 19:00:00,40.000000,1.400000,,datagouv,30.500000,58.333333,1.047132,0.210000,0.001223,0.000919,-0.076005,-0.015284
2026-08-14 20:00:00,47.000000,1.300000,,datagouv,27.600000,0.000000,0.972336,0.000000,0.000000,0.000000,-0.260034,-0.073830
2026-08-14 21:00:00,54.000000,2.900000,,datagouv,26.800000,0.000000,2.169058,0.000000,0.000000,0.000000,-0.242923,-0.066011
2026-08-14 22:00:00,62.000000,3.700000,,datagouv,25.600000,0.000000,2.767419,0.000000,0.000000,0.000000,-0.228299,-0.061001
2026-08-14 23:00:00,71.000000,2.000000,,datagouv,23.600000,0.000000,1.495902,0.000000,0.000000,0.000000,-0.219697,-0.060475
2026-08-15 00:00:00,72.000000,1.200000,,datagouv,23.200000,0.000000,0.897541,0.000000,0.000000,0.000000,-0.220119,-0.061172
2026-08-15 01:00:00,78.000000,2.500000,,datagouv,22.100000,0.000000,1.869878,0.000000,0.000000,0.000000,-0.214789,-0.058359
2026-08-15 02:00:00,87.000000,2.800000,,datagouv,21.200000,0.000000,2.094263,0.000000,0.000000,0.000000,-0.203686,-0.055704
2026-08-15 03:00:00,89.000000,1.900000,,datagouv,21.500000,0.000000,1.421107,0.000000,0.000000,0.000000,-0.197891,-0.055013
2026-08-15 04:00:00,89.000000,1.800000,,datagouv,21.000000,0.000000,1.346312,0.000000,0.000000,0.000000,-0.201472,-0.055602
2026-08-15 05:00:00,91.000000,2.800000,,datagouv,21.100000,0.000000,2.094263,0.000000,0.369239,0.277387,-0.009859,-0.001225
2026-08-15 06:00:00,89.000000,0.900000,,datagouv,22.000000,33.333333,0.673156,0.120000,1.206951,0.906710,0.100690,0.030315
2026-08-15 07:00:00,86.000000,2.900000,,datagouv,22.600000,61.111111,2.169058,0.220000,2.019731,1.517302,0.192630,0.058723
2026-08-15 08:00:00,66.000000,3.400000,,datagouv,26.400000,361.111111,2.543034,1.300000,2.750891,2.066579,1.090059,0.343611
2026-08-15 09:00:00,65.000000,5.500000,,datagouv,26.600000,238.888889,4.113731,0.860000,3.350604,2.517108,0.767462,0.247782
2026-08-15 10:00:00,68.000000,4.000000,,datagouv,26.300000,213.888889,2.991804,0.770000,3.778002,2.838186,0.698013,0.222679
2026-08-15 11:00:00,60.000000,4.100000,,datagouv,28.000000,475.000000,3.066599,1.710000,4.003956,3.007932,1.482584,0.477122
2026-08-15 12:00:00,55.000000,2.600000,,datagouv,29.400000,680.555556,1.944673,2.450000,4.013069,3.014778,2.088001,0.678238
2026-08-15 13:00:00,45.000000,1.300000,,datagouv,31.800000,644.444444,0.972336,2.320000,3.804719,2.858257,1.954701,0.652478
2026-08-15 14:00:00,46.000000,3.300000,,datagouv,31.500000,430.555556,2.468239,1.550000,3.393107,2.549037,1.313401,0.444053
2026-08-15 15:00:00,45.000000,1.600000,,datagouv,32.300000,491.666667,1.196722,1.770000,2.806281,2.108190,1.442420,0.487046
2026-08-15 16:00:00,41.000000,3.100000,,datagouv,32.500000,491.666667,2.318648,1.770000,2.084234,1.565760,1.375625,0.470304
2026-08-15 17:00:00,54.000000,5.100000,,datagouv,30.500000,252.777778,3.814550,0.910000,1.276171,0.958711,0.634921,0.220211
2026-08-15 18:00:00,64.000000,5.300000,,datagouv,26.900000,102.777778,3.964141,0.370000,0.437161,0.328413,0.126533,0.049845
2026-08-15 19:00:00,67.000000,3.700000,,datagouv,25.900000,16.666667,2.767419,0.060000,0.000287,0.000216,-0.158084,-0.040880
2026-08-15 20:00:00,70.000000,2.200000,,datagouv,25.300000,0.000000,1.645492,0.000000,0.000000,0.000000,-0.210178,-0.058701
2026-08-15 21:00:00,70.000000,1.600000,,datagouv,25.400000,0.000000,1.196722,0.000000,0.000000,0.000000,-0.209444,-0.059217
2026-08-15 22:00:00,70.000000,1.700000,,datagouv,24.900000,0.000000,1.271517,0.000000,0.000000,0.000000,-0.213067,-0.059790
2026-08-15 23:00:00,73.000000,1.500000,,datagouv,24.300000,0.000000,1.121927,0.000000,0.000000,0.000000,-0.210338,-0.059103
